-- phpMyAdmin SQL Dump
-- version 4.8.3
-- https://www.phpmyadmin.net/
--
-- Host: 127.0.0.1
-- Generation Time: Nov 14, 2019 at 04:09 PM
-- Server version: 10.1.35-MariaDB
-- PHP Version: 7.2.9

SET SQL_MODE = "NO_AUTO_VALUE_ON_ZERO";
SET AUTOCOMMIT = 0;
START TRANSACTION;
SET time_zone = "+00:00";


/*!40101 SET @OLD_CHARACTER_SET_CLIENT=@@CHARACTER_SET_CLIENT */;
/*!40101 SET @OLD_CHARACTER_SET_RESULTS=@@CHARACTER_SET_RESULTS */;
/*!40101 SET @OLD_COLLATION_CONNECTION=@@COLLATION_CONNECTION */;
/*!40101 SET NAMES utf8mb4 */;

--
-- Database: `meharali`
--

-- --------------------------------------------------------

--
-- Table structure for table `adv_cat`
--

CREATE TABLE `adv_cat` (
  `cat_id` int(11) NOT NULL,
  `cat_name` varchar(50) NOT NULL
) ENGINE=InnoDB DEFAULT CHARSET=latin1;

--
-- Dumping data for table `adv_cat`
--

INSERT INTO `adv_cat` (`cat_id`, `cat_name`) VALUES
(1, 'Direct Client'),
(2, 'Agency'),
(3, 'Sales Staff'),
(4, 'Broker');

-- --------------------------------------------------------

--
-- Table structure for table `adv_reg`
--

CREATE TABLE `adv_reg` (
  `adv_id` int(11) NOT NULL,
  `adv_name` varchar(50) NOT NULL,
  `c_person` varchar(50) NOT NULL,
  `city` varchar(50) NOT NULL,
  `phone_1` varchar(50) NOT NULL,
  `phone_2` varchar(15) NOT NULL,
  `wphone` varchar(15) NOT NULL,
  `email` varchar(50) NOT NULL,
  `add1` varchar(100) NOT NULL,
  `add2` varchar(50) NOT NULL,
  `web` varchar(50) NOT NULL,
  `pan` varchar(20) NOT NULL,
  `gst` varchar(20) NOT NULL,
  `sac` varchar(20) NOT NULL,
  `cat` int(11) NOT NULL,
  `state` int(11) NOT NULL,
  `adv_info` varchar(100) NOT NULL,
  `adv_status` int(11) NOT NULL,
  `adv_cr_date` date NOT NULL
) ENGINE=InnoDB DEFAULT CHARSET=latin1;

--
-- Dumping data for table `adv_reg`
--

INSERT INTO `adv_reg` (`adv_id`, `adv_name`, `c_person`, `city`, `phone_1`, `phone_2`, `wphone`, `email`, `add1`, `add2`, `web`, `pan`, `gst`, `sac`, `cat`, `state`, `adv_info`, `adv_status`, `adv_cr_date`) VALUES
(1, 'J Ads', 'Joji Joseph', 'Paravoor', '7025736559', '7025736559', '', 'jojijoarc@gmail.com', 'Arakkal House Kacheripady North Paravoor', '', '', 'PAN BDVPJ9764P', '', '', 2, 1, '', 1, '2018-06-05'),
(2, '94Ads', 'Nithin K T', 'Thrissur', '9605799515', '', '', '94ads@gmail.com', 'Manalikad P O Madathumpadi ', '', 'www.94ads.in', 'AQZPN4978M', '', '', 1, 1, '', 1, '2018-06-06'),
(3, 'Green Channel Advertising', 'Mr Paul', 'Angamaly', '9645006782', '4846006782', ' 9745006782', 'paulgreenchannel@gmail.com', 'Delta Center, Near Mosque, Angamaly, Eranakulam District', '', '', 'AOOPP3210R', '32AOOPP 3210 RIZL', '', 2, 1, '', 1, '2018-06-06'),
(4, 'United Media Solutions', 'Mr Prathap Rajendran', 'Eranakulam', '9847899829', '8129313580', '', 'prathapunitedmediasolutions@gmail.com', '47 637 Chittepadath Lane Kumbalapilly jn chalikava', '', '', '', '32HYGPS9273G1ZV', '', 2, 1, '', 1, '2018-06-06'),
(5, 'Clouds Advertising Pvt Ltd', 'Mr Sreejith Arun', 'Eranakulam', '0484236449', '9847849246', '', 'info@cloudsadvertising.com', 'Clouds center Eswara Iyer Road Pullepady Eranakulam', '', '', 'AAACC9381R', '32AAACC9381R1Z4', '', 1, 1, '', 1, '2018-06-08'),
(6, 'SR Media', 'Mr Sudheep', 'Shivamogga', '9740905017', '9740371007', '', 'srmedia.smg@gmail.com ', 'No 35 Sudeep Nilaya, opp jnnce college, navile, Sh', '', '', 'FQWPS0668M', ' 29FQWPS0668M1ZI', '', 2, 3, '', 1, '2018-06-06'),
(7, 'Renish Joseph', 'Renish joseph', 'sulthan batheri', '9645808799', '', '', 'raneeshjosephufo@gmail.com', '', '', '', '', '', '', 1, 1, '', 1, '2018-03-31'),
(8, 'Jenil Ads', 'Jenil jaison', 'Chalakudy', '9645317474', '', '', 'jenilufo@gmail.com', '', '', '', '', '', '', 1, 1, '', 1, '2018-03-31'),
(9, 'Cine Advertising', 'Mr Shiju', 'Thiruvananthapuram', '04712452945', '9447340682', '', 'cine@cineadvertising.com', 'Cine Building Arattu Road Perumthanni Thiruvananthapuram', '', 'www.cineadvertising.com', '', '32AACFC1546P1ZH', '', 2, 1, '', 1, '2018-06-26'),
(10, 'Adfilm Director', 'Mr Navas', 'Aluva', '7012452991', '', '', 'navaskali@gmail,com', '', '', '', '', '', '', 2, 1, '', 1, '2018-06-29'),
(11, 'KTC Bank', 'Accounts', 'kodungallur', '04802802618', '', '', 'mail@ktcbank.com', 'The Kodungallur Town Co-operative Bank Limited  No.102  Lokamaleswaram Branch', '', 'www.ktcbank.com', 'AAABT2480R', ' 32AAABT2480R1Z3 ', '', 1, 1, '', 1, '2018-07-11'),
(12, 'Centro Projects and Marketing', 'Sanoop', 'Thrissur', '04802801999', '', '', 'info@centromall.info', 'Near Private Bus Stand Chandapura Kodungallur', '', '', 'AAJFC5902A', '32AAJFC5902AIZ5', '', 1, 1, '', 1, '2018-07-19'),
(13, 'Malabar Entrance coaching center', 'Mr Aneesh', 'Thrissur', '04802807875', '', '', 'aneeshtb@gmail.com ', 'Chandapura  Kottapuram Bypass Rd Star Nagar, North nada, Kodungallur  Kerala 680664', '', '', '', '32AAZFM3624R1ZH', '', 1, 1, '', 1, '2018-07-20'),
(14, 'Hotel Peringotukara Palace', 'Ref Mr Febin', 'Thrissur', '04872275597', '', '', 'info@peringotukarapalace.com', 'Kizhakumuri Preingotukara PIN 680571', '', 'www.peringotukarapalace.com', 'AACCH5348D', '32AACCH5348D1ZZ', '', 3, 1, '', 1, '2018-07-20');

-- --------------------------------------------------------

--
-- Table structure for table `asp`
--

CREATE TABLE `asp` (
  `asp_id` int(11) NOT NULL,
  `asp_name` varchar(50) NOT NULL,
  `asp_add` varchar(100) NOT NULL,
  `asp_person` varchar(50) NOT NULL,
  `phone_1` varchar(12) NOT NULL,
  `phone_2` varchar(12) NOT NULL,
  `email` varchar(50) NOT NULL,
  `web` varchar(50) NOT NULL,
  `cr_date` date NOT NULL,
  `person_desig` varchar(50) NOT NULL,
  `asp_info` varchar(200) NOT NULL,
  `status` int(11) NOT NULL
) ENGINE=InnoDB DEFAULT CHARSET=latin1;

--
-- Dumping data for table `asp`
--

INSERT INTO `asp` (`asp_id`, `asp_name`, `asp_add`, `asp_person`, `phone_1`, `phone_2`, `email`, `web`, `cr_date`, `person_desig`, `asp_info`, `status`) VALUES
(1, 'UFO Moviez', 'Panackal Building Pullepady Road  Ernakulam Cochin 682018 Kerala', 'Mr Boney Geevarghese', '4842374750', '4842374750', 'boney.geevarghese@ufomoviez.com', ' www.ufomoviez.com', '2018-06-04', 'Sr Executive Ad Sales', '', 1),
(2, 'Qube Cinema', '41 643C A L  Jacob Road Kochi 682035 Kerala  India', 'Mr Manesh Mathew  K J Josmon', '4844058171', '4844058171', 'Manesh.M@qubecinema.com', '', '2018-06-12', 'Asst Manager Marketing', '', 1),
(3, 'UFO Framez', '41 933 Panackal Building Pullepady Road Ernakulam Cochin 682018 Kerala', 'Mr Jince Thomas', '4842374750', '4842374750', 'jince.thomas@ufomoviez.com', '', '2018-06-12', 'Territory Sales Manager', '', 1),
(4, 'Carnival Cinemas', 'Carnival films Pvt Ltd Angamaly Eranakulam', 'Mr Manu Mohandas', '8943350529', '9656474994', 'manu.mohandas@carnivalcinemas.in', 'www.carnivalcinemas.in', '2018-06-04', 'Area Manager Ad Sales', '', 1),
(5, 'SONY Cinema', 'Onesource Techmedia Limited Chennai', 'Mr Shake', '4428550467', '4428550467', 'sheikh@ostindia.org', 'www.ostindia.org', '2018-06-12', 'Sr Executive  Ad Sales', '', 1),
(6, 'UFO Premium', 'Clouds Center Eeswara Iyer Road Pullepady eranakulam', 'Mr Sreejith  Arun', '4842364499', '4842364499', 'info@cloudsadvertising.com', 'www.cloudsadvertising.com', '2018-06-12', 'Executive Ad sales', '', 1),
(7, 'Sony Premium', 'Cine Advertising Cine building Arattu road Perunthani Thiruvanantha puram', 'Mr Siju', '9447340682', '', 'cine@cineadvertising.com', '', '2018-06-25', 'adsales', '', 1);

-- --------------------------------------------------------

--
-- Table structure for table `content_reg`
--

CREATE TABLE `content_reg` (
  `content_name` varchar(50) NOT NULL,
  `content_type` varchar(11) NOT NULL,
  `con_id` int(11) NOT NULL
) ENGINE=InnoDB DEFAULT CHARSET=latin1;

--
-- Dumping data for table `content_reg`
--

INSERT INTO `content_reg` (`content_name`, `content_type`, `con_id`) VALUES
('test', 'Mute Still', 1),
('ksfdc', 'Mute Still', 2),
('ksfdc', 'Audio Still', 3),
('ksfdc', 'Audio Still', 4),
('malbargold', 'Mute Still', 5),
('ksfdc', 'Motion Grap', 6),
('ktc', 'Mute Still', 7),
('Stylux doors', 'Audio Still', 8),
('grand thejus', 'Censored Vi', 9),
('VGC Beena', 'Censored Vi', 10),
('VGC Beena', 'Censored Vi', 11),
('Valavi Cards', 'Audio Slide', 12),
('Aravind Store', 'Audio Slide', 13),
('Urben Touch', 'Censored Vi', 14),
('Mes college', 'Audio Slide', 15),
('Phoenix tyres', 'Censored Vi', 16),
('Malyalees Drinks', 'Audio Still', 17),
('Malyalees Drinks', 'Audio Still', 18),
('Only One interiors', 'Censored Vi', 19),
('SNGC', 'Censored Vi', 20),
('Taski cabs', 'Motion Grap', 21),
('Fatiz', 'Censored Vi', 22),
('Taski cabs', 'Motion Grap', 23),
('Phoenix tyres', 'Censored Vi', 24),
('Rayan School', 'Motion Grap', 25),
('Rayan School', 'Motion Grap', 26),
('Malbargold Artistry', 'Censored Vi', 27),
('Malabargold Akshaya', 'Censored Vi', 28),
('Habit Wedding Collections', 'Censored Vi', 29),
('Seemas wedding ', 'Censored Vi', 30),
('SNGC', 'Censored Vi', 31),
('Seemas wedding ', 'Censored Vi', 32),
('Tony colour house', 'Audio Slide', 33),
('Otto Shirts', 'Censored Vi', 34),
('Minister White', 'Censored Vi', 35),
('Otto casuals', 'Censored Vi', 36),
('otto Vests and Briefs', 'Censored Vi', 37),
('Level 10 ad', 'Censored Vi', 38),
('Wounder la Ad', 'Censored Vi', 39),
('Level 10 ad', 'Censored Vi', 40),
('f saloon', 'Censored Vi', 41),
('Metcon TMT', 'Censored Vi', 42),
('Vivah utsav', 'Censored Vi', 43),
('Wounder la Ad', 'Censored Vi', 44),
('Chaitanya Granite&Marbles', 'Censored Vi', 45),
('Manpuram', 'Audio Still', 46),
('MES', 'Audio Still', 47),
('Mar Grego clooege', 'Audio Still', 48),
('Vivah utsav', 'Censored Vi', 49),
('Wounder la Ad', 'Censored Vi', 50),
('T Jhon', 'Censored Vi', 51),
('Mets School', 'Audio Still', 52),
('Joy Alukas Fans ad', 'Censored Vi', 53),
('Ktc ad', 'Audio Slide', 54),
('Ktc ad', 'Audio Slide', 55),
('2018 shopping fest', 'Censored Vi', 56),
('2018 shopping fest', 'Censored Vi', 57),
('Testimony ad Malabar ECC', 'Censored Vi', 58),
('Testimony ad Malabar ECC', 'Censored Vi', 59),
('Testimony ad Malabar ECC', 'Censored Vi', 60),
('Peringotukara Palace Hotel', 'Mute Still', 61),
('anus spa', 'Audio Slide', 62),
('nanjappa bpl', 'Audio Slide', 63),
('Sic ad', 'Audio Slide', 64),
('ms gold', 'Audio Slide', 65),
('silpi jwellery', 'Censored Vi', 66),
('Nanjapa stroke', 'Audio Slide', 67),
('Ar logos ad', 'Audio Slide', 68),
('benco ad', 'Audio Still', 69),
('Day mart', 'Video', 70),
('rangoli', 'Audio Slide', 71),
('Nanjappa Ambulance', 'Audio Slide', 72);

-- --------------------------------------------------------

--
-- Table structure for table `content_type`
--

CREATE TABLE `content_type` (
  `id` int(11) NOT NULL,
  `content_type` varchar(50) NOT NULL
) ENGINE=InnoDB DEFAULT CHARSET=latin1;

--
-- Dumping data for table `content_type`
--

INSERT INTO `content_type` (`id`, `content_type`) VALUES
(1, 'Mute Still'),
(2, 'Audio Still'),
(3, 'Mute Slide'),
(4, 'Audio Slide'),
(5, 'Motion Graphics'),
(8, 'Censored Video'),
(14, 'Video');

-- --------------------------------------------------------

--
-- Table structure for table `est_line`
--

CREATE TABLE `est_line` (
  `est_lineid` int(11) NOT NULL,
  `est_id` int(11) NOT NULL,
  `asp` int(11) NOT NULL,
  `screen` int(11) NOT NULL,
  `duration` int(11) NOT NULL,
  `package` int(11) NOT NULL,
  `discount` decimal(11,0) NOT NULL,
  `price` decimal(10,0) NOT NULL,
  `cgst` decimal(10,0) NOT NULL,
  `sgst` decimal(10,0) NOT NULL,
  `igst` decimal(10,0) NOT NULL,
  `ltax` decimal(10,0) NOT NULL,
  `cr_date` date NOT NULL,
  `day_count` int(11) NOT NULL
) ENGINE=InnoDB DEFAULT CHARSET=latin1;

--
-- Dumping data for table `est_line`
--

INSERT INTO `est_line` (`est_lineid`, `est_id`, `asp`, `screen`, `duration`, `package`, `discount`, `price`, `cgst`, `sgst`, `igst`, `ltax`, `cr_date`, `day_count`) VALUES
(3, 2, 2, 44, 10, 1, '35', '70', '9', '9', '0', '0', '2018-06-24', 0),
(4, 3, 2, 1, 10, 0, '0', '70', '9', '9', '0', '0', '2018-06-24', 0),
(5, 4, 2, 90, 10, 1, '35', '80', '9', '9', '0', '0', '2018-06-24', 0),
(6, 5, 2, 91, 66, 2, '35', '80', '9', '9', '0', '0', '2018-06-24', 0),
(7, 6, 2, 92, 62, 1, '35', '80', '9', '9', '0', '0', '2018-06-25', 0),
(8, 6, 2, 93, 62, 1, '35', '80', '9', '9', '0', '0', '2018-06-25', 0),
(9, 6, 4, 94, 62, 1, '30', '102', '9', '9', '0', '0', '2018-06-25', 0),
(10, 7, 2, 96, 30, 1, '35', '80', '9', '9', '0', '0', '2018-06-25', 0),
(11, 7, 4, 94, 30, 1, '30', '102', '9', '9', '0', '0', '2018-06-25', 0),
(12, 7, 4, 95, 30, 1, '30', '102', '9', '9', '0', '0', '2018-06-25', 0),
(38, 9, 2, 20, 10, 2, '30', '80', '9', '9', '0', '0', '2018-06-25', 0),
(39, 10, 2, 115, 30, 1, '35', '80', '9', '9', '0', '0', '2018-06-25', 0),
(40, 11, 2, 116, 20, 2, '35', '80', '9', '9', '0', '0', '2018-06-25', 0),
(41, 12, 2, 90, 10, 8, '35', '80', '9', '9', '0', '0', '2018-06-25', 0),
(42, 12, 2, 14, 10, 8, '35', '80', '9', '9', '0', '0', '2018-06-25', 0),
(43, 12, 2, 15, 10, 8, '35', '80', '9', '9', '0', '0', '2018-06-25', 0),
(44, 12, 2, 16, 10, 8, '35', '80', '9', '9', '0', '0', '2018-06-25', 0),
(45, 12, 2, 117, 10, 8, '35', '80', '9', '9', '0', '0', '2018-06-25', 0),
(46, 13, 2, 63, 30, 1, '35', '80', '9', '9', '0', '0', '2018-06-25', 0),
(47, 14, 6, 23, 10, 1, '38', '70', '9', '9', '0', '0', '2018-06-25', 0),
(48, 14, 6, 24, 10, 1, '38', '70', '9', '9', '0', '0', '2018-06-25', 0),
(49, 15, 2, 118, 10, 2, '38', '80', '9', '9', '0', '0', '2018-06-25', 0),
(50, 15, 2, 119, 10, 2, '38', '80', '9', '9', '0', '0', '2018-06-25', 0),
(51, 15, 2, 120, 10, 2, '38', '80', '9', '9', '0', '0', '2018-06-25', 0),
(52, 15, 2, 121, 10, 2, '38', '80', '9', '9', '0', '0', '2018-06-25', 0),
(53, 15, 2, 122, 10, 2, '38', '80', '9', '9', '0', '0', '2018-06-25', 0),
(54, 15, 2, 123, 10, 2, '38', '80', '9', '9', '0', '0', '2018-06-25', 0),
(55, 15, 2, 124, 10, 2, '38', '80', '9', '9', '0', '0', '2018-06-25', 0),
(56, 15, 2, 125, 10, 2, '38', '80', '9', '9', '0', '0', '2018-06-25', 0),
(57, 15, 2, 126, 10, 2, '38', '80', '9', '9', '0', '0', '2018-06-25', 0),
(58, 15, 2, 127, 10, 2, '38', '80', '9', '9', '0', '0', '2018-06-25', 0),
(59, 15, 2, 128, 10, 2, '38', '80', '9', '9', '0', '0', '2018-06-25', 0),
(60, 15, 2, 129, 10, 2, '38', '80', '9', '9', '0', '0', '2018-06-25', 0),
(61, 15, 2, 130, 10, 2, '38', '80', '9', '9', '0', '0', '2018-06-25', 0),
(62, 15, 2, 131, 10, 2, '38', '80', '9', '9', '0', '0', '2018-06-25', 0),
(63, 15, 2, 132, 10, 2, '38', '80', '9', '9', '0', '0', '2018-06-25', 0),
(64, 15, 2, 133, 10, 2, '38', '80', '9', '9', '0', '0', '2018-06-25', 0),
(65, 15, 2, 134, 10, 2, '38', '80', '9', '9', '0', '0', '2018-06-25', 0),
(66, 15, 2, 135, 10, 2, '38', '80', '9', '9', '0', '0', '2018-06-25', 0),
(67, 15, 2, 136, 10, 2, '38', '80', '9', '9', '0', '0', '2018-06-25', 0),
(68, 15, 2, 137, 10, 2, '38', '80', '9', '9', '0', '0', '2018-06-25', 0),
(69, 15, 2, 20, 10, 2, '38', '80', '9', '9', '0', '0', '2018-06-25', 0),
(70, 15, 2, 54, 10, 2, '38', '80', '9', '9', '0', '0', '2018-06-25', 0),
(71, 15, 2, 11, 10, 2, '38', '80', '9', '9', '0', '0', '2018-06-25', 0),
(72, 15, 2, 90, 10, 2, '38', '80', '9', '9', '0', '0', '2018-06-25', 0),
(73, 15, 2, 19, 10, 2, '38', '120', '9', '9', '0', '0', '2018-06-25', 0),
(74, 15, 2, 140, 10, 2, '38', '80', '9', '9', '0', '0', '2018-06-25', 0),
(75, 15, 2, 139, 10, 2, '38', '80', '9', '9', '0', '0', '2018-06-25', 0),
(76, 15, 2, 141, 10, 2, '38', '80', '9', '9', '0', '0', '2018-06-25', 0),
(77, 15, 2, 142, 10, 2, '38', '80', '9', '9', '0', '0', '2018-06-25', 0),
(78, 15, 1, 144, 10, 2, '38', '70', '9', '9', '0', '0', '2018-06-25', 0),
(79, 15, 1, 38, 10, 2, '38', '70', '9', '9', '0', '0', '2018-06-25', 0),
(80, 15, 1, 143, 10, 2, '38', '70', '9', '9', '0', '0', '2018-06-25', 0),
(81, 15, 6, 29, 10, 2, '25', '70', '9', '9', '0', '0', '2018-06-25', 0),
(82, 16, 2, 63, 20, 4, '35', '80', '9', '9', '0', '0', '2018-06-25', 0),
(83, 16, 2, 18, 20, 4, '35', '100', '9', '9', '0', '0', '2018-06-25', 0),
(84, 16, 6, 26, 20, 4, '25', '70', '9', '9', '0', '0', '2018-06-25', 0),
(85, 17, 2, 147, 20, 2, '35', '80', '9', '9', '0', '0', '2018-06-25', 0),
(86, 17, 2, 149, 20, 2, '35', '80', '9', '9', '0', '0', '2018-06-25', 0),
(87, 17, 6, 145, 20, 2, '25', '70', '9', '9', '0', '0', '2018-06-25', 0),
(88, 17, 6, 146, 20, 2, '25', '70', '9', '9', '0', '0', '2018-06-25', 0),
(90, 18, 2, 147, 10, 1, '35', '80', '9', '9', '0', '0', '2018-06-25', 0),
(91, 18, 2, 90, 10, 1, '35', '80', '9', '9', '0', '0', '2018-06-25', 0),
(92, 18, 6, 112, 10, 1, '25', '70', '9', '9', '0', '0', '2018-06-25', 0),
(93, 18, 6, 150, 10, 1, '25', '70', '9', '9', '0', '0', '2018-06-25', 0),
(94, 19, 2, 109, 100, 1, '35', '80', '9', '9', '0', '0', '2018-06-25', 0),
(95, 19, 2, 130, 100, 1, '35', '80', '9', '9', '0', '0', '2018-06-25', 0),
(96, 19, 2, 153, 100, 1, '35', '80', '9', '9', '0', '0', '2018-06-25', 0),
(97, 20, 2, 90, 10, 1, '35', '80', '9', '9', '0', '0', '2018-06-25', 0),
(98, 20, 6, 150, 10, 1, '25', '70', '9', '9', '0', '0', '2018-06-25', 0),
(99, 20, 6, 113, 10, 1, '25', '70', '9', '9', '0', '0', '2018-06-25', 0),
(100, 20, 2, 147, 10, 1, '35', '80', '9', '9', '0', '0', '2018-06-25', 0),
(103, 21, 6, 154, 30, 2, '17', '134', '9', '9', '0', '0', '2018-06-26', 0),
(104, 22, 6, 26, 20, 4, '25', '70', '9', '9', '0', '0', '2018-06-26', 0),
(105, 22, 6, 27, 20, 4, '25', '70', '9', '9', '0', '0', '2018-06-26', 0),
(106, 22, 6, 12, 20, 4, '25', '70', '9', '9', '0', '0', '2018-06-26', 0),
(107, 22, 6, 85, 20, 4, '25', '70', '9', '9', '0', '0', '2018-06-26', 0),
(108, 22, 5, 3, 20, 4, '25', '70', '9', '9', '0', '0', '2018-06-26', 0),
(109, 23, 6, 26, 20, 4, '25', '70', '9', '9', '0', '0', '2018-06-26', 0),
(110, 23, 6, 27, 20, 4, '25', '70', '9', '9', '0', '0', '2018-06-26', 0),
(111, 23, 6, 12, 20, 4, '25', '70', '9', '9', '0', '0', '2018-06-26', 0),
(112, 23, 5, 3, 20, 4, '40', '70', '9', '9', '0', '0', '2018-06-26', 0),
(113, 24, 6, 26, 40, 1, '25', '70', '9', '9', '0', '0', '2018-06-26', 0),
(114, 25, 6, 26, 35, 1, '25', '70', '9', '9', '0', '0', '2018-06-26', 0),
(115, 26, 6, 26, 30, 4, '25', '70', '9', '9', '0', '0', '2018-06-26', 0),
(116, 26, 6, 12, 30, 4, '25', '70', '9', '9', '0', '0', '2018-06-26', 0),
(117, 26, 6, 75, 30, 4, '25', '70', '9', '9', '0', '0', '2018-06-26', 0),
(118, 27, 6, 146, 20, 4, '25', '70', '9', '9', '0', '0', '2018-06-26', 0),
(119, 28, 6, 26, 20, 2, '25', '70', '9', '9', '0', '0', '2018-06-26', 0),
(120, 28, 6, 156, 20, 2, '25', '70', '9', '9', '0', '0', '2018-06-26', 0),
(121, 28, 6, 155, 20, 2, '25', '70', '9', '9', '0', '0', '2018-06-26', 0),
(122, 29, 6, 146, 20, 4, '25', '70', '9', '9', '0', '0', '2018-06-26', 0),
(123, 30, 6, 32, 15, 4, '25', '70', '9', '9', '0', '0', '2018-06-26', 0),
(124, 31, 5, 157, 60, 4, '0', '21', '9', '9', '0', '0', '2018-06-26', 0),
(125, 32, 5, 157, 30, 2, '0', '21', '9', '9', '0', '0', '2018-06-26', 0),
(126, 33, 5, 157, 60, 2, '0', '21', '9', '9', '0', '0', '2018-06-26', 0),
(127, 34, 5, 157, 30, 2, '0', '21', '9', '9', '0', '0', '2018-06-26', 0),
(128, 35, 2, 147, 10, 1, '35', '80', '9', '9', '0', '0', '2018-06-27', 0),
(129, 35, 2, 90, 10, 1, '35', '80', '9', '9', '0', '0', '2018-06-27', 0),
(130, 35, 6, 160, 10, 1, '27', '70', '9', '9', '0', '0', '2018-06-27', 0),
(131, 35, 6, 113, 10, 1, '27', '70', '9', '9', '0', '0', '2018-06-27', 0),
(132, 35, 6, 151, 10, 1, '27', '70', '9', '9', '0', '0', '2018-06-27', 0),
(133, 35, 3, 158, 10, 1, '38', '70', '9', '9', '0', '0', '2018-06-27', 0),
(134, 36, 5, 3, 30, 2, '40', '70', '9', '9', '0', '0', '2018-06-27', 0),
(135, 37, 5, 3, 20, 2, '40', '70', '9', '9', '0', '0', '2018-06-27', 0),
(136, 38, 5, 3, 30, 2, '40', '70', '9', '9', '0', '0', '2018-06-27', 0),
(137, 39, 5, 3, 50, 1, '40', '70', '9', '9', '0', '0', '2018-06-27', 0),
(138, 40, 5, 3, 30, 2, '40', '70', '9', '9', '0', '0', '2018-06-27', 0),
(139, 40, 5, 48, 30, 2, '40', '70', '9', '9', '0', '0', '2018-06-27', 0),
(140, 41, 5, 3, 60, 4, '40', '70', '9', '9', '0', '0', '2018-06-27', 0),
(141, 42, 5, 3, 20, 1, '40', '70', '9', '9', '0', '0', '2018-06-27', 0),
(142, 43, 5, 3, 30, 4, '40', '70', '9', '9', '0', '0', '2018-06-27', 0),
(143, 44, 5, 3, 10, 3, '40', '70', '9', '9', '0', '0', '2018-06-27', 0),
(144, 45, 5, 3, 15, 4, '40', '70', '9', '9', '0', '0', '2018-06-27', 0),
(145, 46, 5, 3, 15, 4, '40', '70', '9', '9', '0', '0', '2018-06-27', 0),
(146, 47, 5, 3, 60, 4, '40', '70', '9', '9', '0', '0', '2018-06-27', 0),
(147, 48, 5, 3, 20, 1, '40', '70', '9', '9', '0', '0', '2018-06-27', 0),
(148, 49, 5, 3, 30, 2, '40', '70', '9', '9', '0', '0', '2018-06-27', 0),
(149, 50, 5, 48, 10, 4, '40', '70', '9', '9', '0', '0', '2018-06-27', 0),
(150, 51, 5, 3, 120, 1, '40', '70', '9', '9', '0', '0', '2018-06-27', 0),
(151, 53, 6, 162, 10, 1, '0', '120', '9', '9', '0', '0', '2018-06-29', 0),
(152, 53, 6, 163, 10, 1, '0', '120', '9', '9', '0', '0', '2018-06-29', 0),
(153, 53, 6, 164, 10, 1, '0', '120', '9', '9', '0', '0', '2018-06-29', 0),
(154, 53, 6, 168, 10, 1, '0', '120', '9', '9', '0', '0', '2018-06-29', 0),
(155, 53, 6, 165, 10, 1, '0', '120', '9', '9', '0', '0', '2018-06-29', 0),
(156, 53, 6, 167, 10, 1, '0', '70', '9', '9', '0', '0', '2018-06-29', 0),
(157, 53, 1, 84, 10, 1, '0', '70', '9', '9', '0', '0', '2018-06-29', 0),
(158, 53, 1, 169, 10, 1, '0', '70', '9', '9', '0', '0', '2018-06-29', 0),
(159, 53, 1, 45, 10, 1, '0', '70', '9', '9', '0', '0', '2018-06-29', 0),
(160, 53, 2, 63, 10, 1, '0', '80', '9', '9', '0', '0', '2018-06-29', 0),
(161, 53, 2, 166, 10, 1, '0', '80', '9', '9', '0', '0', '2018-06-29', 0),
(162, 53, 2, 20, 10, 1, '0', '80', '9', '9', '0', '0', '2018-06-29', 0),
(163, 53, 2, 21, 10, 1, '0', '80', '9', '9', '0', '0', '2018-06-29', 0),
(164, 53, 2, 22, 10, 1, '0', '80', '9', '9', '0', '0', '2018-06-29', 0),
(165, 53, 2, 17, 10, 1, '0', '100', '9', '9', '0', '0', '2018-06-29', 0),
(166, 53, 2, 18, 10, 1, '0', '100', '9', '9', '0', '0', '2018-06-29', 0),
(167, 53, 2, 19, 10, 1, '0', '120', '9', '9', '0', '0', '2018-06-29', 0),
(168, 53, 2, 11, 10, 1, '0', '80', '9', '9', '0', '0', '2018-06-29', 0),
(169, 53, 6, 23, 10, 1, '0', '70', '9', '9', '0', '0', '2018-06-29', 0),
(170, 53, 6, 24, 10, 1, '0', '70', '9', '9', '0', '0', '2018-06-29', 0),
(171, 53, 1, 25, 10, 1, '0', '70', '9', '9', '0', '0', '2018-06-29', 0),
(172, 53, 1, 43, 10, 1, '0', '70', '9', '9', '0', '0', '2018-06-29', 0),
(173, 53, 6, 31, 10, 1, '0', '70', '9', '9', '0', '0', '2018-06-29', 0),
(174, 53, 6, 32, 10, 1, '0', '70', '9', '9', '0', '0', '2018-06-29', 0),
(175, 53, 6, 28, 10, 1, '0', '70', '9', '9', '0', '0', '2018-06-29', 0),
(176, 53, 6, 29, 10, 1, '0', '70', '9', '9', '0', '0', '2018-06-29', 0),
(177, 53, 6, 26, 10, 1, '0', '70', '9', '9', '0', '0', '2018-06-29', 0),
(178, 53, 6, 27, 10, 1, '0', '70', '9', '9', '0', '0', '2018-06-29', 0),
(180, 53, 6, 170, 10, 1, '0', '70', '9', '9', '0', '0', '2018-06-29', 0),
(181, 8, 7, 97, 10, 4, '15', '75', '9', '9', '0', '0', '2018-06-29', 0),
(182, 8, 7, 98, 10, 4, '15', '75', '9', '9', '0', '0', '2018-06-29', 0),
(183, 8, 7, 99, 10, 4, '16', '60', '9', '9', '0', '0', '2018-06-29', 0),
(184, 8, 7, 100, 10, 4, '15', '75', '9', '9', '0', '0', '2018-06-29', 0),
(185, 8, 7, 101, 10, 4, '15', '50', '9', '9', '0', '0', '2018-06-29', 0),
(186, 8, 7, 102, 10, 4, '15', '50', '9', '9', '0', '0', '2018-06-29', 0),
(187, 8, 7, 103, 10, 4, '15', '50', '9', '9', '0', '0', '2018-06-29', 0),
(188, 8, 7, 104, 10, 4, '15', '30', '9', '9', '0', '0', '2018-06-29', 0),
(189, 8, 7, 105, 10, 4, '15', '30', '9', '9', '0', '0', '2018-06-29', 0),
(190, 8, 7, 106, 10, 4, '15', '40', '9', '9', '0', '0', '2018-06-29', 0),
(191, 8, 7, 107, 10, 4, '15', '45', '9', '9', '0', '0', '2018-06-29', 0),
(192, 8, 7, 108, 10, 4, '15', '40', '9', '9', '0', '0', '2018-06-29', 0),
(193, 8, 2, 109, 10, 4, '30', '80', '9', '9', '0', '0', '2018-06-29', 0),
(194, 8, 2, 110, 10, 4, '30', '80', '9', '9', '0', '0', '2018-06-29', 0),
(195, 8, 2, 111, 10, 4, '30', '80', '9', '9', '0', '0', '2018-06-29', 0),
(196, 8, 6, 112, 10, 4, '27', '70', '9', '9', '0', '0', '2018-06-29', 0),
(197, 8, 6, 113, 10, 4, '27', '70', '9', '9', '0', '0', '2018-06-29', 0),
(198, 8, 6, 114, 10, 4, '27', '70', '9', '9', '0', '0', '2018-06-29', 0),
(199, 8, 2, 20, 10, 4, '30', '80', '9', '9', '0', '0', '2018-06-29', 0),
(200, 8, 6, 23, 10, 4, '17', '70', '9', '9', '0', '0', '2018-06-29', 0),
(201, 54, 2, 1, 20, 2, '30', '80', '9', '9', '0', '0', '2018-06-29', 0),
(202, 55, 3, 236, 10, 0, '0', '3700', '9', '9', '0', '0', '2018-07-10', 0),
(203, 55, 3, 237, 10, 0, '0', '3300', '9', '9', '0', '0', '2018-07-10', 0),
(204, 55, 3, 236, 10, 4, '25', '74', '9', '9', '0', '0', '2018-07-11', 0),
(205, 56, 3, 236, 50, 4, '0', '74', '9', '9', '0', '0', '2018-07-11', 0),
(207, 57, 3, 237, 30, 4, '25', '110', '9', '9', '0', '0', '2018-07-11', 0),
(208, 58, 3, 236, 50, 4, '25', '74', '9', '9', '0', '0', '2018-07-11', 0),
(209, 59, 3, 237, 30, 4, '25', '110', '9', '9', '0', '0', '2018-07-11', 0),
(210, 60, 6, 159, 10, 3, '38', '70', '9', '9', '0', '0', '2018-07-11', 0),
(211, 61, 6, 72, 30, 15, '0', '70', '9', '9', '0', '0', '2018-07-13', 0),
(212, 62, 4, 6, 60, 1, '20', '110', '9', '9', '0', '0', '2018-07-19', 0),
(213, 62, 2, 1, 60, 1, '20', '80', '9', '9', '0', '0', '2018-07-19', 0),
(214, 62, 1, 37, 60, 1, '20', '70', '9', '9', '0', '0', '2018-07-19', 0),
(216, 62, 4, 238, 60, 1, '20', '50', '9', '9', '0', '0', '2018-07-19', 0),
(217, 63, 2, 1, 60, 1, '20', '80', '9', '9', '0', '0', '2018-07-19', 0),
(218, 64, 2, 1, 20, 4, '20', '70', '9', '9', '0', '0', '2018-07-20', 0),
(219, 64, 2, 2, 20, 4, '20', '70', '9', '9', '0', '0', '2018-07-20', 0),
(220, 64, 2, 44, 20, 4, '20', '70', '9', '9', '0', '0', '2018-07-20', 0),
(221, 64, 2, 14, 20, 4, '20', '70', '9', '9', '0', '0', '2018-07-20', 0),
(222, 64, 2, 46, 20, 4, '20', '70', '9', '9', '0', '0', '2018-07-20', 0),
(223, 64, 2, 20, 20, 4, '20', '70', '9', '9', '0', '0', '2018-07-20', 0),
(224, 64, 2, 17, 20, 4, '20', '100', '9', '9', '0', '0', '2018-07-20', 0),
(225, 64, 4, 6, 20, 4, '20', '110', '9', '9', '0', '0', '2018-07-20', 0),
(226, 64, 6, 35, 20, 4, '20', '70', '9', '9', '0', '0', '2018-07-20', 0),
(227, 64, 1, 37, 20, 4, '20', '70', '9', '9', '0', '0', '2018-07-20', 0),
(228, 64, 6, 12, 20, 4, '20', '70', '9', '9', '0', '0', '2018-07-20', 0),
(229, 64, 6, 26, 20, 4, '20', '70', '9', '9', '0', '0', '2018-07-20', 0),
(230, 64, 6, 170, 20, 4, '20', '70', '9', '9', '0', '0', '2018-07-20', 0),
(231, 64, 6, 31, 20, 4, '20', '70', '9', '9', '0', '0', '2018-07-20', 0),
(232, 64, 6, 23, 20, 4, '20', '70', '9', '9', '0', '0', '2018-07-20', 0),
(233, 64, 5, 3, 20, 4, '50', '70', '9', '9', '0', '0', '2018-07-20', 0),
(234, 64, 5, 48, 20, 4, '50', '70', '9', '9', '0', '0', '2018-07-20', 0),
(235, 65, 2, 1, 20, 4, '20', '80', '9', '9', '0', '0', '2018-07-20', 0),
(236, 65, 2, 2, 20, 4, '20', '80', '9', '9', '0', '0', '2018-07-20', 0),
(237, 65, 2, 44, 20, 4, '20', '80', '9', '9', '0', '0', '2018-07-20', 0),
(238, 65, 2, 14, 20, 4, '20', '80', '9', '9', '0', '0', '2018-07-20', 0),
(239, 65, 2, 46, 20, 4, '20', '70', '9', '9', '0', '0', '2018-07-20', 0),
(240, 65, 2, 20, 20, 4, '20', '80', '9', '9', '0', '0', '2018-07-20', 0),
(241, 65, 2, 17, 20, 4, '20', '100', '9', '9', '0', '0', '2018-07-20', 0),
(242, 65, 4, 6, 20, 4, '20', '110', '9', '9', '0', '0', '2018-07-20', 0),
(243, 65, 1, 37, 20, 4, '20', '70', '9', '9', '0', '0', '2018-07-20', 0),
(244, 65, 6, 35, 20, 4, '20', '70', '9', '9', '0', '0', '2018-07-20', 0),
(245, 65, 6, 12, 20, 4, '20', '70', '9', '9', '0', '0', '2018-07-20', 0),
(246, 65, 6, 26, 20, 4, '20', '70', '9', '9', '0', '0', '2018-07-20', 0),
(247, 65, 6, 170, 20, 4, '20', '70', '9', '9', '0', '0', '2018-07-20', 0),
(248, 65, 6, 31, 20, 4, '20', '70', '9', '9', '0', '0', '2018-07-20', 0),
(249, 65, 6, 23, 20, 4, '20', '70', '9', '9', '0', '0', '2018-07-20', 0),
(250, 65, 5, 3, 20, 4, '50', '70', '9', '9', '0', '0', '2018-07-20', 0),
(251, 65, 5, 48, 20, 4, '50', '70', '9', '9', '0', '0', '2018-07-20', 0),
(252, 66, 2, 1, 20, 4, '20', '80', '9', '9', '0', '0', '2018-07-20', 0),
(253, 66, 2, 2, 20, 4, '20', '80', '9', '9', '0', '0', '2018-07-20', 0),
(254, 66, 2, 44, 20, 4, '20', '80', '9', '9', '0', '0', '2018-07-20', 0),
(255, 66, 2, 14, 20, 4, '20', '80', '9', '9', '0', '0', '2018-07-20', 0),
(256, 66, 2, 46, 20, 4, '20', '70', '9', '9', '0', '0', '2018-07-20', 0),
(257, 66, 2, 20, 20, 4, '20', '80', '9', '9', '0', '0', '2018-07-20', 0),
(258, 66, 2, 17, 20, 4, '20', '100', '9', '9', '0', '0', '2018-07-20', 0),
(259, 66, 4, 6, 20, 4, '20', '110', '9', '9', '0', '0', '2018-07-20', 0),
(260, 66, 1, 37, 20, 4, '20', '70', '9', '9', '0', '0', '2018-07-20', 0),
(261, 66, 6, 35, 20, 4, '20', '70', '9', '9', '0', '0', '2018-07-20', 0),
(262, 66, 6, 12, 20, 4, '20', '70', '9', '9', '0', '0', '2018-07-20', 0),
(263, 66, 6, 26, 20, 4, '20', '70', '9', '9', '0', '0', '2018-07-20', 0),
(264, 66, 6, 170, 20, 4, '20', '70', '9', '9', '0', '0', '2018-07-20', 0),
(265, 66, 6, 31, 20, 4, '20', '70', '9', '9', '0', '0', '2018-07-20', 0),
(266, 66, 6, 23, 20, 4, '20', '70', '9', '9', '0', '0', '2018-07-20', 0),
(267, 66, 5, 3, 20, 4, '50', '70', '9', '9', '0', '0', '2018-07-20', 0),
(268, 66, 5, 48, 20, 4, '50', '70', '9', '9', '0', '0', '2018-07-20', 0),
(269, 67, 2, 49, 10, 1, '0', '80', '9', '9', '0', '0', '2018-07-20', 0),
(270, 67, 2, 50, 10, 1, '0', '80', '9', '9', '0', '0', '2018-07-20', 0),
(271, 67, 2, 46, 10, 1, '0', '70', '9', '9', '0', '0', '2018-07-20', 0),
(272, 67, 2, 47, 10, 1, '0', '80', '9', '9', '0', '0', '2018-07-20', 0),
(274, 67, 2, 54, 10, 1, '0', '80', '9', '9', '0', '0', '2018-07-20', 0),
(276, 67, 5, 48, 10, 1, '100', '70', '9', '9', '0', '0', '2018-07-20', 0),
(277, 68, 2, 11, 10, 4, '35', '80', '9', '9', '0', '0', '2018-07-20', 0),
(278, 69, 2, 57, 35, 1, '35', '80', '0', '0', '18', '0', '2018-07-20', 0),
(279, 69, 2, 58, 35, 1, '35', '80', '0', '0', '18', '0', '2018-07-20', 0),
(280, 70, 2, 90, 10, 2, '35', '80', '9', '9', '0', '0', '2018-07-20', 0),
(281, 71, 2, 119, 30, 2, '35', '80', '9', '9', '0', '0', '2018-07-20', 0),
(282, 72, 2, 20, 30, 4, '35', '80', '9', '9', '0', '0', '2018-07-20', 0),
(283, 73, 2, 57, 35, 1, '35', '80', '0', '0', '18', '0', '2018-07-20', 0),
(284, 73, 2, 58, 35, 1, '35', '80', '0', '0', '18', '0', '2018-07-20', 0),
(285, 73, 2, 59, 35, 1, '35', '80', '0', '0', '18', '0', '2018-07-20', 0),
(286, 73, 2, 60, 35, 1, '35', '80', '0', '0', '18', '0', '2018-07-20', 0),
(287, 73, 2, 61, 35, 1, '35', '80', '0', '0', '18', '0', '2018-07-20', 0),
(288, 73, 2, 62, 35, 1, '35', '80', '0', '0', '18', '0', '2018-07-20', 0),
(289, 74, 2, 20, 20, 4, '35', '80', '9', '9', '0', '0', '2018-07-20', 0),
(290, 75, 2, 66, 10, 2, '35', '80', '9', '9', '0', '0', '2018-07-20', 0),
(291, 75, 2, 67, 10, 2, '35', '80', '9', '9', '0', '0', '2018-07-20', 0),
(292, 76, 2, 125, 30, 2, '35', '80', '9', '9', '0', '0', '2018-07-20', 0),
(293, 76, 2, 239, 30, 2, '35', '80', '9', '9', '0', '0', '2018-07-20', 0),
(294, 76, 2, 240, 30, 2, '35', '80', '9', '9', '0', '0', '2018-07-20', 0),
(295, 76, 2, 241, 30, 2, '35', '80', '9', '9', '0', '0', '2018-07-20', 0),
(296, 77, 2, 90, 10, 1, '35', '80', '9', '9', '0', '0', '2018-07-20', 0),
(297, 78, 2, 59, 40, 1, '35', '80', '0', '0', '18', '0', '2018-07-20', 0),
(298, 78, 2, 57, 40, 1, '35', '80', '0', '0', '18', '0', '2018-07-20', 0),
(299, 78, 2, 58, 40, 1, '35', '80', '0', '0', '18', '0', '2018-07-20', 0),
(300, 78, 2, 60, 40, 1, '35', '80', '0', '0', '18', '0', '2018-07-20', 0);

-- --------------------------------------------------------

--
-- Table structure for table `est_reg`
--

CREATE TABLE `est_reg` (
  `est_id` int(11) NOT NULL,
  `name` varchar(50) NOT NULL,
  `adv_id` int(11) NOT NULL,
  `duration` decimal(10,0) NOT NULL,
  `cr_date` date NOT NULL,
  `lst_date` date NOT NULL,
  `status` int(11) NOT NULL
) ENGINE=InnoDB DEFAULT CHARSET=latin1;

--
-- Dumping data for table `est_reg`
--

INSERT INTO `est_reg` (`est_id`, `name`, `adv_id`, `duration`, `cr_date`, `lst_date`, `status`) VALUES
(2, 'ref ksfdc', 2, '10', '2018-06-24', '2018-06-24', 2),
(3, 'ktc googledocs', 2, '10', '2018-06-24', '2018-06-24', 1),
(4, 'Stylux Doors', 4, '10', '2018-06-24', '2018-06-24', 2),
(5, 'Grand Thejus', 4, '66', '2018-06-24', '2018-06-24', 2),
(6, 'VGC beena', 4, '62', '2018-06-25', '2018-06-25', 2),
(7, 'vgc beena', 4, '30', '2018-06-25', '2018-06-25', 2),
(8, 'Iris Juice', 2, '10', '2018-06-25', '2018-06-25', 1),
(9, 'Valavi cards', 4, '10', '2018-06-25', '2018-06-25', 2),
(10, 'Aravind store', 4, '30', '2018-06-25', '2018-06-25', 2),
(11, 'Urban Touch', 4, '20', '2018-06-25', '2018-06-25', 2),
(12, 'Mes College', 4, '10', '2018-06-25', '2018-06-25', 2),
(13, 'Phoenix tyers', 4, '30', '2018-06-25', '2018-06-25', 2),
(14, 'Malayalees ', 4, '10', '2018-06-25', '2018-06-25', 2),
(15, 'Malayalees Network', 4, '10', '2018-06-25', '2018-06-25', 2),
(16, 'Only one interiors', 4, '20', '2018-06-25', '2018-06-25', 2),
(17, 'SNGC', 4, '20', '2018-06-25', '2018-06-25', 2),
(18, 'Taski cabs', 4, '10', '2018-06-25', '2018-06-25', 2),
(19, 'Fatiz ', 4, '100', '2018-06-25', '2018-06-25', 2),
(20, 'Taski cabs', 4, '10', '2018-06-25', '2018-06-25', 2),
(21, 'Phoenix tyre', 4, '30', '2018-06-25', '2018-06-25', 2),
(22, 'Rayan international School', 3, '20', '2018-06-26', '2018-06-26', 2),
(23, 'Rayan International school', 3, '20', '2018-06-26', '2018-06-26', 2),
(24, 'Malabar gold Artistry', 3, '40', '2018-06-26', '2018-06-26', 2),
(25, 'Malabar gold Akshaya', 3, '35', '2018-06-26', '2018-06-26', 2),
(26, 'Habit Wedding Center', 3, '30', '2018-06-26', '2018-06-26', 2),
(27, 'Seemas Wedding collections', 3, '20', '2018-06-26', '2018-06-26', 2),
(28, 'Sngc', 3, '20', '2018-06-26', '2018-06-26', 2),
(29, 'Seemas wedding Collections', 3, '20', '2018-06-26', '2018-06-26', 2),
(30, 'Tony colour House', 3, '15', '2018-06-26', '2018-06-26', 2),
(31, 'Otto Shirts', 9, '60', '2018-06-26', '2018-06-26', 2),
(32, 'Minister White', 9, '30', '2018-06-26', '2018-06-26', 2),
(33, 'Otto casuals', 9, '60', '2018-06-26', '2018-06-26', 2),
(34, 'Otto vests and breifs', 9, '30', '2018-06-26', '2018-06-26', 2),
(35, 'Taski Cabs', 4, '10', '2018-06-27', '2018-06-27', 1),
(36, 'Level 10 ad', 5, '30', '2018-06-27', '2018-06-27', 2),
(37, 'Wounder la family', 5, '20', '2018-06-27', '2018-06-27', 2),
(38, 'Level 10 Ad', 5, '30', '2018-06-27', '2018-06-27', 2),
(39, 'F saloon', 5, '50', '2018-06-27', '2018-06-27', 2),
(40, 'Metcon TMT Bars', 5, '30', '2018-06-27', '2018-06-27', 2),
(41, 'Joy Alukkas Jolly silks', 5, '60', '2018-06-27', '2018-06-27', 2),
(42, 'Wounder la Family', 5, '20', '2018-06-27', '2018-06-27', 2),
(43, 'Chaitanya Granite', 5, '30', '2018-06-27', '2018-06-27', 2),
(44, 'Manapuram Finance', 5, '10', '2018-06-27', '2018-06-27', 2),
(45, 'MES college of Eng', 5, '15', '2018-06-27', '2018-06-27', 2),
(46, 'Mar Greogorius College', 5, '15', '2018-06-27', '2018-06-27', 2),
(47, 'Joy alukkas ', 5, '60', '2018-06-27', '2018-06-27', 2),
(48, 'Wounderla Family', 5, '20', '2018-06-27', '2018-06-27', 2),
(49, 'T Jhon College', 5, '30', '2018-06-27', '2018-06-27', 2),
(50, 'METS School Of Eng', 5, '10', '2018-06-27', '2018-06-27', 2),
(51, 'Joy Alukkas Fan Ad', 5, '120', '2018-06-27', '2018-06-27', 2),
(52, 'New Ad', 10, '10', '2018-06-29', '2018-06-29', 0),
(53, 'New Ad', 10, '10', '2018-06-29', '2018-06-29', 1),
(54, 'Al salama Nebosh', 2, '20', '2018-06-29', '2018-06-29', 1),
(55, 'ktc bank Ad', 11, '10', '2018-07-10', '2018-07-10', 0),
(56, 'ktc bank ad', 11, '50', '2018-07-11', '2018-07-11', 0),
(57, 'kTC bank ad', 11, '30', '2018-07-11', '2018-07-11', 0),
(58, 'ktc bank ad', 11, '50', '2018-07-11', '2018-07-11', 2),
(59, 'ktc bank ad', 11, '30', '2018-07-11', '2018-07-11', 2),
(60, 'little millennium ad', 4, '10', '2018-07-11', '2018-07-11', 1),
(61, 'ys', 7, '30', '2018-07-13', '2018-07-13', 0),
(62, 'Shoping festival Ad', 12, '60', '2018-07-19', '2018-07-19', 2),
(63, 'centro mall shopping festival', 12, '60', '2018-07-19', '2018-07-19', 2),
(64, 'Malabar ECC testimony ad ', 13, '20', '2018-07-20', '2018-07-20', 2),
(65, 'Malabar Ecc Testimony ad', 13, '20', '2018-07-20', '2018-07-20', 2),
(66, 'Malabar ECC Testimony ad', 13, '20', '2018-07-20', '2018-07-20', 2),
(67, 'Hotel Peringotukara Palace Ad', 14, '10', '2018-07-20', '2018-07-20', 2),
(68, 'Anus spa', 2, '10', '2018-07-20', '2018-07-20', 2),
(69, 'Nanjappa BPL', 6, '35', '2018-07-20', '2018-07-20', 2),
(70, 'Sic ad', 2, '10', '2018-07-20', '2018-07-20', 2),
(71, 'MS gold And diamonds', 7, '30', '2018-07-20', '2018-07-20', 2),
(72, 'silpy jwellery', 2, '30', '2018-07-20', '2018-07-20', 2),
(73, 'Nanjapa stroke', 6, '35', '2018-07-20', '2018-07-20', 2),
(74, 'Ar Logos', 2, '20', '2018-07-20', '2018-07-20', 2),
(75, 'Benco coconut oil', 1, '10', '2018-07-20', '2018-07-20', 2),
(76, 'Day mart', 7, '30', '2018-07-20', '2018-07-20', 2),
(77, 'Rangoli ad', 7, '10', '2018-07-20', '2018-07-20', 2),
(78, 'Nanjappa Ambulance', 6, '40', '2018-07-20', '2018-07-20', 2);

-- --------------------------------------------------------

--
-- Table structure for table `invoice_reg`
--

CREATE TABLE `invoice_reg` (
  `invo_id` int(11) NOT NULL,
  `est_id` int(11) NOT NULL,
  `est_name` varchar(50) NOT NULL,
  `adv_id` int(11) NOT NULL,
  `duration` int(11) NOT NULL,
  `content_id` int(11) NOT NULL,
  `content_name` varchar(50) NOT NULL,
  `status` int(11) NOT NULL,
  `play` varchar(50) NOT NULL,
  `cr_date` date NOT NULL
) ENGINE=InnoDB DEFAULT CHARSET=latin1;

--
-- Dumping data for table `invoice_reg`
--

INSERT INTO `invoice_reg` (`invo_id`, `est_id`, `est_name`, `adv_id`, `duration`, `content_id`, `content_name`, `status`, `play`, `cr_date`) VALUES
(1, 2, 'ref ksfdc', 2, 10, 6, '', 1, 'During intravel', '2018-06-24'),
(2, 3, 'ktc googledocs', 2, 10, 7, '', 1, 'preshow', '2018-06-24'),
(3, 4, 'Stylux Doors', 4, 10, 8, '', 1, 'During intravel', '2018-06-24'),
(4, 5, 'Grand Thejus', 4, 66, 9, '', 1, 'preshow', '2018-06-24'),
(5, 6, 'VGC beena', 4, 62, 10, '', 1, 'During intravel', '2018-06-25'),
(6, 7, 'vgc beena', 4, 30, 11, '', 1, 'During intravel', '2018-06-25'),
(7, 9, 'Valavi cards', 4, 10, 12, '', 1, 'preshow', '2018-06-25'),
(8, 10, 'Aravind store', 4, 30, 13, '', 1, 'During intravel', '2018-06-25'),
(9, 11, 'Urban Touch', 4, 20, 14, '', 1, 'During intravel', '2018-06-25'),
(10, 12, 'Mes College', 4, 10, 15, '', 1, 'Preshow', '2018-06-25'),
(11, 13, 'Phoenix tyers', 4, 30, 16, '', 1, 'Preshow', '2018-06-25'),
(12, 14, 'Malayalees ', 4, 10, 17, '', 1, 'During intravel', '2018-06-25'),
(13, 15, 'Malayalees Network', 4, 10, 18, '', 1, 'During intravel', '2018-06-25'),
(14, 16, 'Only one interiors', 4, 20, 19, '', 1, 'During intravel', '2018-06-25'),
(15, 17, 'SNGC', 4, 20, 20, '', 1, 'Preshow', '2018-06-25'),
(16, 18, 'Taski cabs', 4, 10, 21, '', 1, 'During intravel', '2018-06-25'),
(17, 19, 'Fatiz ', 4, 100, 22, '', 1, 'Preshow', '2018-06-25'),
(18, 20, 'Taski cabs', 4, 10, 23, '', 1, 'During intravel', '2018-06-25'),
(19, 21, 'Phoenix tyre', 4, 30, 24, '', 1, 'Preshow', '2018-06-26'),
(20, 22, 'Rayan international School', 3, 20, 25, '', 1, 'During intravel', '2018-06-26'),
(21, 23, 'Rayan International school', 3, 20, 26, '', 1, 'During intravel', '2018-06-26'),
(22, 24, 'Malabar gold Artistry', 3, 40, 27, '', 1, 'During intravel', '2018-06-26'),
(23, 25, 'Malabar gold Akshaya', 3, 35, 28, '', 1, 'During intravel', '2018-06-26'),
(24, 26, 'Habit Wedding Center', 3, 30, 29, '', 1, 'During intravel', '2018-06-26'),
(25, 27, 'Seemas Wedding collections', 3, 20, 30, '', 1, 'During intravel', '2018-06-26'),
(26, 28, 'Sngc', 3, 20, 31, '', 1, 'During intravel', '2018-06-26'),
(27, 29, 'Seemas wedding Collections', 3, 20, 32, '', 1, 'During intravel', '2018-06-26'),
(28, 30, 'Tony colour House', 3, 15, 33, '', 1, 'During intravel', '2018-06-26'),
(29, 31, 'Otto Shirts', 9, 60, 34, '', 1, 'During intravel', '2018-06-26'),
(30, 32, 'Minister White', 9, 30, 35, '', 1, 'Preshow', '2018-06-26'),
(31, 33, 'Otto casuals', 9, 60, 36, '', 1, 'During intravel', '2018-06-26'),
(32, 34, 'Otto vests and breifs', 9, 30, 37, '', 1, 'During intravel', '2018-06-26'),
(33, 36, 'Level 10 ad', 5, 30, 38, '', 1, 'During intravel', '2018-06-27'),
(34, 37, 'Wounder la family', 5, 20, 39, '', 1, 'During intravel', '2018-06-27'),
(35, 38, 'Level 10 Ad', 5, 30, 40, '', 1, 'During intravel', '2018-06-27'),
(36, 39, 'F saloon', 5, 50, 41, '', 1, 'During intravel', '2018-06-27'),
(37, 40, 'Metcon TMT Bars', 5, 30, 42, '', 1, 'During intravel', '2018-06-27'),
(38, 41, 'Joy Alukkas Jolly silks', 5, 60, 43, '', 1, 'During intravel', '2018-06-27'),
(39, 42, 'Wounder la Family', 5, 20, 44, '', 1, 'During intravel', '2018-06-27'),
(40, 43, 'Chaitanya Granite', 5, 30, 45, '', 1, 'During intravel', '2018-06-27'),
(41, 44, 'Manapuram Finance', 5, 10, 46, '', 1, 'During intravel', '2018-06-27'),
(42, 45, 'MES college of Eng', 5, 15, 47, '', 1, 'During intravel', '2018-06-27'),
(43, 46, 'Mar Greogorius College', 5, 15, 48, '', 1, 'During intravel', '2018-06-27'),
(44, 47, 'Joy alukkas ', 5, 60, 49, '', 1, 'During intravel', '2018-06-27'),
(45, 48, 'Wounderla Family', 5, 20, 50, '', 1, 'During intravel', '2018-06-27'),
(46, 49, 'T Jhon College', 5, 30, 51, '', 1, 'During intravel', '2018-06-27'),
(47, 50, 'METS School Of Eng', 5, 10, 52, '', 1, 'During intravel', '2018-06-27'),
(48, 51, 'Joy Alukkas Fan Ad', 5, 120, 53, '', 1, 'During intravel', '2018-06-27'),
(49, 58, 'ktc bank ad', 11, 50, 54, '', 1, 'During intravel', '2018-07-11'),
(50, 59, 'ktc bank ad', 11, 30, 55, '', 1, 'preshow', '2018-07-11'),
(51, 62, 'Shoping festival Ad', 12, 60, 56, '', 1, 'During intravel', '2018-07-19'),
(52, 63, 'centro mall shopping festival', 12, 60, 57, '', 1, 'During intravel', '2018-07-19'),
(53, 64, 'Malabar ECC testimony ad ', 13, 20, 58, '', 1, 'During intravel', '2018-07-20'),
(54, 65, 'Malabar Ecc Testimony ad', 13, 20, 59, '', 1, 'During intravel', '2018-07-20'),
(55, 66, 'Malabar ECC Testimony ad', 13, 20, 60, '', 1, 'During intravel', '2018-07-20'),
(56, 67, 'Hotel Peringotukara Palace Ad', 14, 10, 61, '', 1, 'During intravel', '2018-07-20'),
(57, 68, 'Anus spa', 2, 10, 62, '', 1, 'During intravel', '2018-07-20'),
(58, 69, 'Nanjappa BPL', 6, 35, 63, '', 1, 'During intravel', '2018-07-20'),
(59, 70, 'Sic ad', 2, 10, 64, '', 1, 'During intravel', '2018-07-20'),
(60, 71, 'MS gold And diamonds', 7, 30, 65, '', 1, 'During intravel', '2018-07-20'),
(61, 72, 'silpy jwellery', 2, 30, 66, '', 1, 'During intravel', '2018-07-20'),
(62, 73, 'Nanjapa stroke', 6, 35, 67, '', 1, 'During intravel', '2018-07-20'),
(63, 74, 'Ar Logos', 2, 20, 68, '', 1, 'During intravel', '2018-07-20'),
(64, 75, 'Benco coconut oil', 1, 10, 69, '', 1, 'During intravel', '2018-07-20'),
(65, 76, 'Day mart', 7, 30, 70, '', 1, 'During intravel', '2018-07-20'),
(66, 77, 'Rangoli ad', 7, 10, 71, '', 1, 'During intravel', '2018-07-20'),
(67, 78, 'Nanjappa Ambulance', 6, 40, 72, '', 1, 'During intravel', '2018-07-20');

-- --------------------------------------------------------

--
-- Table structure for table `invo_reg_line`
--

CREATE TABLE `invo_reg_line` (
  `invo_reg_lineid` int(11) NOT NULL,
  `invo_id` int(11) NOT NULL,
  `est_id` int(11) NOT NULL,
  `asp` int(11) NOT NULL,
  `screen` int(11) NOT NULL,
  `duration` decimal(10,0) NOT NULL,
  `package` int(11) NOT NULL,
  `discount` decimal(10,0) NOT NULL,
  `price` decimal(10,0) NOT NULL,
  `cgst` int(11) NOT NULL,
  `sgst` int(11) NOT NULL,
  `ltax` decimal(10,0) NOT NULL,
  `start_date` date NOT NULL,
  `end_date` date NOT NULL,
  `igst` decimal(10,0) NOT NULL,
  `status` int(11) NOT NULL,
  `pack_date` int(11) NOT NULL
) ENGINE=InnoDB DEFAULT CHARSET=latin1;

--
-- Dumping data for table `invo_reg_line`
--

INSERT INTO `invo_reg_line` (`invo_reg_lineid`, `invo_id`, `est_id`, `asp`, `screen`, `duration`, `package`, `discount`, `price`, `cgst`, `sgst`, `ltax`, `start_date`, `end_date`, `igst`, `status`, `pack_date`) VALUES
(1, 1, 2, 2, 44, '10', 1, '35', '70', 9, 9, '0', '2018-06-24', '2018-06-30', '0', 1, 6),
(2, 2, 3, 2, 11, '10', 1, '25', '70', 9, 9, '0', '2018-06-24', '2018-06-30', '0', 1, 6),
(3, 3, 4, 2, 90, '10', 1, '35', '80', 9, 9, '0', '2018-03-30', '2018-04-05', '0', 1, 6),
(4, 4, 5, 2, 91, '66', 2, '35', '80', 9, 9, '0', '2018-04-13', '2018-04-26', '0', 1, 13),
(5, 5, 6, 2, 92, '62', 1, '35', '80', 9, 9, '0', '2018-06-25', '2018-07-01', '0', 1, 6),
(6, 5, 6, 2, 93, '62', 1, '35', '80', 9, 9, '0', '2018-06-25', '2018-07-01', '0', 1, 6),
(7, 5, 6, 4, 94, '62', 1, '30', '102', 9, 9, '0', '2018-04-06', '2018-04-12', '0', 1, 6),
(8, 6, 7, 2, 96, '30', 1, '35', '80', 9, 9, '0', '2018-06-25', '2018-07-01', '0', 1, 6),
(9, 6, 7, 4, 94, '30', 1, '30', '102', 9, 9, '0', '2018-06-25', '2018-07-01', '0', 1, 6),
(10, 6, 7, 4, 95, '30', 1, '30', '102', 9, 9, '0', '2018-04-20', '2018-04-26', '0', 1, 6),
(11, 7, 9, 2, 20, '10', 2, '30', '80', 9, 9, '0', '2018-04-27', '2018-05-10', '0', 1, 13),
(12, 8, 10, 2, 115, '30', 1, '35', '80', 9, 9, '0', '2018-04-27', '2018-05-03', '0', 1, 6),
(13, 9, 11, 2, 116, '20', 2, '35', '80', 9, 9, '0', '2018-05-05', '2018-05-18', '0', 1, 13),
(14, 10, 12, 2, 90, '10', 8, '35', '80', 9, 9, '0', '2018-06-25', '2018-08-19', '0', 1, 55),
(15, 10, 12, 2, 14, '10', 8, '35', '80', 9, 9, '0', '2018-06-25', '2018-08-19', '0', 1, 55),
(16, 10, 12, 2, 15, '10', 8, '35', '80', 9, 9, '0', '2018-06-25', '2018-08-19', '0', 1, 55),
(17, 10, 12, 2, 16, '10', 8, '35', '80', 9, 9, '0', '2018-06-25', '2018-08-19', '0', 1, 55),
(18, 10, 12, 2, 117, '10', 8, '35', '80', 9, 9, '0', '2018-06-03', '2018-07-28', '0', 1, 55),
(19, 11, 13, 2, 63, '30', 1, '35', '80', 9, 9, '0', '2018-04-27', '2018-05-03', '0', 1, 6),
(20, 12, 14, 6, 23, '10', 1, '38', '70', 9, 9, '0', '2018-06-25', '2018-07-01', '0', 1, 6),
(21, 12, 14, 6, 24, '10', 1, '38', '70', 9, 9, '0', '2018-06-19', '2018-06-25', '0', 1, 6),
(22, 13, 15, 2, 118, '10', 2, '38', '80', 9, 9, '0', '2018-06-25', '2018-07-08', '0', 1, 13),
(23, 13, 15, 2, 119, '10', 2, '38', '80', 9, 9, '0', '2018-06-25', '2018-07-08', '0', 1, 13),
(25, 13, 15, 2, 121, '10', 2, '38', '80', 9, 9, '0', '2018-06-25', '2018-07-08', '0', 1, 13),
(26, 13, 15, 2, 122, '10', 2, '38', '80', 9, 9, '0', '2018-06-25', '2018-07-08', '0', 1, 13),
(27, 13, 15, 2, 123, '10', 2, '38', '80', 9, 9, '0', '2018-06-25', '2018-07-08', '0', 1, 13),
(29, 13, 15, 2, 125, '10', 2, '38', '80', 9, 9, '0', '2018-06-25', '2018-07-08', '0', 1, 13),
(30, 13, 15, 2, 126, '10', 2, '38', '80', 9, 9, '0', '2018-06-25', '2018-07-08', '0', 1, 13),
(31, 13, 15, 2, 127, '10', 2, '38', '80', 9, 9, '0', '2018-06-25', '2018-07-08', '0', 1, 13),
(32, 13, 15, 2, 128, '10', 2, '38', '80', 9, 9, '0', '2018-06-25', '2018-07-08', '0', 1, 13),
(33, 13, 15, 2, 129, '10', 2, '38', '80', 9, 9, '0', '2018-06-25', '2018-07-08', '0', 1, 13),
(34, 13, 15, 2, 130, '10', 2, '38', '80', 9, 9, '0', '2018-06-25', '2018-07-08', '0', 1, 13),
(35, 13, 15, 2, 131, '10', 2, '38', '80', 9, 9, '0', '2018-06-25', '2018-07-08', '0', 1, 13),
(36, 13, 15, 2, 132, '10', 2, '38', '80', 9, 9, '0', '2018-06-25', '2018-07-08', '0', 1, 13),
(37, 13, 15, 2, 133, '10', 2, '38', '80', 9, 9, '0', '2018-06-25', '2018-07-08', '0', 1, 13),
(38, 13, 15, 2, 134, '10', 2, '38', '80', 9, 9, '0', '2018-06-25', '2018-07-08', '0', 1, 13),
(39, 13, 15, 2, 135, '10', 2, '38', '80', 9, 9, '0', '2018-06-25', '2018-07-08', '0', 1, 13),
(40, 13, 15, 2, 136, '10', 2, '38', '80', 9, 9, '0', '2018-06-25', '2018-07-08', '0', 1, 13),
(41, 13, 15, 2, 137, '10', 2, '38', '80', 9, 9, '0', '2018-06-25', '2018-07-08', '0', 1, 13),
(42, 13, 15, 2, 20, '10', 2, '38', '80', 9, 9, '0', '2018-06-25', '2018-07-08', '0', 1, 13),
(43, 13, 15, 2, 54, '10', 2, '38', '80', 9, 9, '0', '2018-06-25', '2018-07-08', '0', 1, 13),
(44, 13, 15, 2, 11, '10', 2, '38', '80', 9, 9, '0', '2018-06-25', '2018-07-08', '0', 1, 13),
(45, 13, 15, 2, 90, '10', 2, '38', '80', 9, 9, '0', '2018-06-25', '2018-07-08', '0', 1, 13),
(46, 13, 15, 2, 19, '10', 2, '38', '120', 9, 9, '0', '2018-06-25', '2018-07-08', '0', 1, 13),
(47, 13, 15, 2, 140, '10', 2, '38', '80', 9, 9, '0', '2018-06-25', '2018-07-08', '0', 1, 13),
(48, 13, 15, 2, 139, '10', 2, '38', '80', 9, 9, '0', '2018-06-25', '2018-07-08', '0', 1, 13),
(49, 13, 15, 2, 141, '10', 2, '38', '80', 9, 9, '0', '2018-06-25', '2018-07-08', '0', 1, 13),
(50, 13, 15, 2, 142, '10', 2, '38', '80', 9, 9, '0', '2018-06-25', '2018-07-08', '0', 1, 13),
(51, 13, 15, 1, 144, '10', 2, '38', '70', 9, 9, '0', '2018-06-25', '2018-07-08', '0', 1, 13),
(52, 13, 15, 1, 38, '10', 2, '38', '70', 9, 9, '0', '2018-06-25', '2018-07-08', '0', 1, 13),
(53, 13, 15, 1, 143, '10', 2, '38', '70', 9, 9, '0', '2018-06-25', '2018-07-08', '0', 1, 13),
(54, 13, 15, 6, 29, '10', 2, '25', '70', 9, 9, '0', '2018-06-09', '2018-06-22', '0', 1, 13),
(55, 14, 16, 2, 63, '20', 4, '35', '80', 9, 9, '0', '2018-06-25', '2018-07-22', '0', 1, 27),
(56, 14, 16, 2, 18, '20', 4, '35', '100', 9, 9, '0', '2018-06-25', '2018-07-22', '0', 1, 27),
(57, 14, 16, 6, 26, '20', 4, '25', '70', 9, 9, '0', '2018-06-15', '2018-07-12', '0', 1, 27),
(58, 15, 17, 2, 147, '20', 2, '35', '80', 9, 9, '0', '2018-06-25', '2018-07-08', '0', 1, 13),
(59, 15, 17, 2, 149, '20', 2, '35', '80', 9, 9, '0', '2018-06-25', '2018-07-08', '0', 1, 13),
(60, 15, 17, 6, 145, '20', 2, '25', '70', 9, 9, '0', '2018-06-25', '2018-07-08', '0', 1, 13),
(61, 15, 17, 6, 146, '20', 2, '25', '70', 9, 9, '0', '2018-06-15', '2018-06-28', '0', 1, 13),
(62, 16, 18, 2, 147, '10', 1, '35', '80', 9, 9, '0', '2018-06-25', '2018-07-01', '0', 1, 6),
(63, 16, 18, 2, 90, '10', 1, '35', '80', 9, 9, '0', '2018-06-25', '2018-07-01', '0', 1, 6),
(64, 16, 18, 6, 112, '10', 1, '25', '70', 9, 9, '0', '2018-06-25', '2018-07-01', '0', 1, 6),
(65, 16, 18, 6, 150, '10', 1, '25', '70', 9, 9, '0', '2018-06-15', '2018-06-21', '0', 1, 6),
(66, 17, 19, 2, 109, '100', 1, '35', '80', 9, 9, '0', '2018-06-25', '2018-07-01', '0', 1, 6),
(67, 17, 19, 2, 130, '100', 1, '35', '80', 9, 9, '0', '2018-06-25', '2018-07-01', '0', 1, 6),
(68, 17, 19, 2, 153, '100', 1, '35', '80', 9, 9, '0', '2018-06-16', '2018-06-22', '0', 1, 6),
(69, 18, 20, 2, 90, '10', 1, '35', '80', 9, 9, '0', '2018-06-25', '2018-07-01', '0', 1, 6),
(70, 18, 20, 6, 150, '10', 1, '25', '70', 9, 9, '0', '2018-06-25', '2018-07-01', '0', 1, 6),
(71, 18, 20, 6, 113, '10', 1, '25', '70', 9, 9, '0', '2018-06-25', '2018-07-01', '0', 1, 6),
(72, 18, 20, 2, 147, '10', 1, '35', '80', 9, 9, '0', '2018-06-22', '2018-06-28', '0', 1, 6),
(73, 19, 21, 6, 154, '30', 2, '17', '134', 9, 9, '0', '2018-06-08', '2018-06-21', '0', 1, 13),
(74, 20, 22, 6, 26, '20', 4, '25', '70', 9, 9, '0', '2018-06-26', '2018-07-23', '0', 1, 27),
(75, 20, 22, 6, 27, '20', 4, '25', '70', 9, 9, '0', '2018-06-26', '2018-07-23', '0', 1, 27),
(76, 20, 22, 6, 12, '20', 4, '25', '70', 9, 9, '0', '2018-06-26', '2018-07-23', '0', 1, 27),
(77, 20, 22, 6, 85, '20', 4, '25', '70', 9, 9, '0', '2018-03-30', '2018-04-26', '0', 1, 27),
(79, 21, 23, 6, 26, '20', 4, '25', '70', 9, 9, '0', '2018-06-26', '2018-07-23', '0', 1, 27),
(80, 21, 23, 6, 27, '20', 4, '25', '70', 9, 9, '0', '2018-06-26', '2018-07-23', '0', 1, 27),
(81, 21, 23, 6, 12, '20', 4, '25', '70', 9, 9, '0', '2018-06-26', '2018-07-23', '0', 1, 27),
(82, 21, 23, 5, 3, '20', 4, '40', '70', 9, 9, '0', '2018-04-27', '2018-05-24', '0', 1, 27),
(83, 22, 24, 6, 26, '40', 1, '25', '70', 9, 9, '0', '2018-04-13', '2018-04-19', '0', 1, 6),
(84, 23, 25, 6, 26, '35', 1, '25', '70', 9, 9, '0', '2018-04-13', '2018-04-19', '0', 1, 6),
(85, 24, 26, 6, 26, '30', 4, '25', '70', 9, 9, '0', '2018-06-26', '2018-07-23', '0', 1, 27),
(86, 24, 26, 6, 12, '30', 4, '25', '70', 9, 9, '0', '2018-06-26', '2018-07-23', '0', 1, 27),
(87, 24, 26, 6, 75, '30', 4, '25', '70', 9, 9, '0', '2018-04-20', '2018-05-17', '0', 1, 27),
(88, 25, 27, 6, 146, '20', 4, '25', '70', 9, 9, '0', '2018-05-25', '2018-06-21', '0', 1, 27),
(89, 26, 28, 6, 26, '20', 2, '25', '70', 9, 9, '0', '2018-06-26', '2018-07-09', '0', 1, 13),
(90, 26, 28, 6, 156, '20', 2, '25', '70', 9, 9, '0', '2018-06-26', '2018-07-09', '0', 1, 13),
(91, 26, 28, 6, 155, '20', 2, '25', '70', 9, 9, '0', '2018-06-13', '2018-06-26', '0', 1, 13),
(92, 27, 29, 6, 146, '20', 4, '25', '70', 9, 9, '0', '2018-06-22', '2018-07-19', '0', 1, 27),
(93, 28, 30, 6, 32, '15', 4, '25', '70', 9, 9, '0', '2018-04-13', '2018-05-10', '0', 1, 27),
(94, 29, 31, 5, 157, '60', 4, '0', '21', 9, 9, '0', '2018-04-06', '2018-05-03', '0', 1, 27),
(95, 30, 32, 5, 157, '30', 2, '0', '21', 9, 9, '0', '2018-06-01', '2018-06-14', '0', 1, 13),
(96, 31, 33, 5, 157, '60', 2, '0', '21', 9, 9, '0', '2018-06-01', '2018-06-14', '0', 1, 13),
(97, 32, 34, 5, 157, '30', 2, '0', '21', 9, 9, '0', '2018-06-01', '2018-06-14', '0', 1, 13),
(98, 33, 36, 5, 3, '30', 2, '40', '70', 9, 9, '0', '2018-04-07', '2018-04-20', '0', 1, 13),
(99, 34, 37, 5, 3, '20', 2, '40', '70', 9, 9, '0', '2018-04-13', '2018-04-26', '0', 1, 13),
(100, 35, 38, 5, 3, '30', 2, '40', '70', 9, 9, '0', '2018-04-21', '2018-05-04', '0', 1, 13),
(101, 36, 39, 5, 3, '50', 1, '40', '70', 9, 9, '0', '2018-04-20', '2018-04-26', '0', 1, 6),
(102, 37, 40, 5, 3, '30', 2, '40', '70', 9, 9, '0', '2018-06-27', '2018-07-10', '0', 1, 13),
(103, 37, 40, 5, 48, '30', 2, '40', '70', 9, 9, '0', '2018-04-20', '2018-05-03', '0', 1, 13),
(104, 38, 41, 5, 3, '60', 4, '40', '70', 9, 9, '0', '2018-04-20', '2018-05-17', '0', 1, 27),
(105, 39, 42, 5, 3, '20', 1, '40', '70', 9, 9, '0', '2018-04-27', '2018-05-03', '0', 1, 6),
(106, 40, 43, 5, 3, '30', 4, '40', '70', 9, 9, '0', '2018-04-27', '2018-05-24', '0', 1, 27),
(107, 41, 44, 5, 3, '10', 3, '40', '70', 9, 9, '0', '2018-05-04', '2018-05-24', '0', 1, 20),
(108, 42, 45, 5, 3, '15', 4, '40', '70', 9, 9, '0', '2018-05-11', '2018-06-07', '0', 1, 27),
(109, 43, 46, 5, 3, '15', 4, '40', '70', 9, 9, '0', '2018-05-18', '2018-06-14', '0', 1, 27),
(111, 45, 48, 5, 3, '20', 1, '40', '70', 9, 9, '0', '2018-05-18', '2018-05-24', '0', 1, 6),
(112, 46, 49, 5, 3, '30', 2, '40', '70', 9, 9, '0', '2018-05-25', '2018-06-07', '0', 1, 13),
(113, 47, 50, 5, 48, '10', 4, '40', '70', 9, 9, '0', '2018-05-25', '2018-06-21', '0', 1, 27),
(114, 48, 51, 5, 3, '120', 1, '40', '70', 9, 9, '0', '2018-06-08', '2018-06-14', '0', 1, 6),
(115, 44, 47, 5, 3, '60', 2, '40', '70', 9, 9, '0', '2018-05-18', '2018-05-31', '0', 1, 13),
(116, 14, 16, 6, 112, '20', 4, '25', '70', 9, 9, '0', '2018-06-15', '2018-07-12', '0', 1, 27),
(117, 49, 58, 3, 236, '50', 4, '25', '74', 9, 9, '0', '2018-07-01', '2018-07-28', '0', 1, 27),
(119, 50, 59, 3, 237, '30', 4, '25', '110', 9, 9, '0', '2018-07-01', '2018-07-28', '0', 1, 27),
(120, 51, 62, 4, 6, '60', 1, '20', '110', 9, 9, '0', '2018-07-19', '2018-07-25', '0', 1, 6),
(121, 51, 62, 2, 1, '60', 1, '20', '80', 9, 9, '0', '2018-07-19', '2018-07-25', '0', 1, 6),
(122, 51, 62, 1, 37, '60', 1, '20', '70', 9, 9, '0', '2018-07-19', '2018-07-25', '0', 1, 6),
(123, 51, 62, 4, 238, '60', 1, '20', '50', 9, 9, '0', '2018-06-28', '2018-07-04', '0', 1, 6),
(124, 52, 63, 2, 1, '60', 1, '20', '80', 9, 9, '0', '2018-07-05', '2018-07-11', '0', 1, 6),
(125, 53, 64, 2, 1, '20', 4, '20', '70', 9, 9, '0', '2018-07-20', '2018-08-16', '0', 1, 27),
(126, 53, 64, 2, 2, '20', 4, '20', '70', 9, 9, '0', '2018-07-20', '2018-08-16', '0', 1, 27),
(127, 53, 64, 2, 44, '20', 4, '20', '70', 9, 9, '0', '2018-07-20', '2018-08-16', '0', 1, 27),
(128, 53, 64, 2, 14, '20', 4, '20', '70', 9, 9, '0', '2018-07-20', '2018-08-16', '0', 1, 27),
(129, 53, 64, 2, 46, '20', 4, '20', '70', 9, 9, '0', '2018-07-20', '2018-08-16', '0', 1, 27),
(130, 53, 64, 2, 20, '20', 4, '20', '70', 9, 9, '0', '2018-07-20', '2018-08-16', '0', 1, 27),
(131, 53, 64, 2, 17, '20', 4, '20', '100', 9, 9, '0', '2018-07-20', '2018-08-16', '0', 1, 27),
(132, 53, 64, 4, 6, '20', 4, '20', '110', 9, 9, '0', '2018-07-20', '2018-08-16', '0', 1, 27),
(133, 53, 64, 6, 35, '20', 4, '20', '70', 9, 9, '0', '2018-07-20', '2018-08-16', '0', 1, 27),
(134, 53, 64, 1, 37, '20', 4, '20', '70', 9, 9, '0', '2018-07-20', '2018-08-16', '0', 1, 27),
(135, 53, 64, 6, 12, '20', 4, '20', '70', 9, 9, '0', '2018-07-20', '2018-08-16', '0', 1, 27),
(136, 53, 64, 6, 26, '20', 4, '20', '70', 9, 9, '0', '2018-07-20', '2018-08-16', '0', 1, 27),
(137, 53, 64, 6, 170, '20', 4, '20', '70', 9, 9, '0', '2018-07-20', '2018-08-16', '0', 1, 27),
(138, 53, 64, 6, 31, '20', 4, '20', '70', 9, 9, '0', '2018-07-20', '2018-08-16', '0', 1, 27),
(139, 53, 64, 6, 23, '20', 4, '20', '70', 9, 9, '0', '2018-07-20', '2018-08-16', '0', 1, 27),
(140, 53, 64, 5, 3, '20', 4, '50', '70', 9, 9, '0', '2018-07-20', '2018-08-16', '0', 1, 27),
(141, 53, 64, 5, 48, '20', 4, '50', '70', 9, 9, '0', '2018-03-27', '2018-04-23', '0', 1, 27),
(142, 54, 65, 2, 1, '20', 4, '20', '80', 9, 9, '0', '2018-07-20', '2018-08-16', '0', 1, 27),
(143, 54, 65, 2, 2, '20', 4, '20', '80', 9, 9, '0', '2018-07-20', '2018-08-16', '0', 1, 27),
(144, 54, 65, 2, 44, '20', 4, '20', '80', 9, 9, '0', '2018-07-20', '2018-08-16', '0', 1, 27),
(145, 54, 65, 2, 14, '20', 4, '20', '80', 9, 9, '0', '2018-07-20', '2018-08-16', '0', 1, 27),
(146, 54, 65, 2, 46, '20', 4, '20', '70', 9, 9, '0', '2018-07-20', '2018-08-16', '0', 1, 27),
(147, 54, 65, 2, 20, '20', 4, '20', '80', 9, 9, '0', '2018-07-20', '2018-08-16', '0', 1, 27),
(148, 54, 65, 2, 17, '20', 4, '20', '100', 9, 9, '0', '2018-07-20', '2018-08-16', '0', 1, 27),
(149, 54, 65, 4, 6, '20', 4, '20', '110', 9, 9, '0', '2018-07-20', '2018-08-16', '0', 1, 27),
(150, 54, 65, 1, 37, '20', 4, '20', '70', 9, 9, '0', '2018-07-20', '2018-08-16', '0', 1, 27),
(151, 54, 65, 6, 35, '20', 4, '20', '70', 9, 9, '0', '2018-07-20', '2018-08-16', '0', 1, 27),
(152, 54, 65, 6, 12, '20', 4, '20', '70', 9, 9, '0', '2018-07-20', '2018-08-16', '0', 1, 27),
(153, 54, 65, 6, 26, '20', 4, '20', '70', 9, 9, '0', '2018-07-20', '2018-08-16', '0', 1, 27),
(154, 54, 65, 6, 170, '20', 4, '20', '70', 9, 9, '0', '2018-07-20', '2018-08-16', '0', 1, 27),
(155, 54, 65, 6, 31, '20', 4, '20', '70', 9, 9, '0', '2018-07-20', '2018-08-16', '0', 1, 27),
(156, 54, 65, 6, 23, '20', 4, '20', '70', 9, 9, '0', '2018-07-20', '2018-08-16', '0', 1, 27),
(157, 54, 65, 5, 3, '20', 4, '50', '70', 9, 9, '0', '2018-07-20', '2018-08-16', '0', 1, 27),
(158, 54, 65, 5, 48, '20', 4, '50', '70', 9, 9, '0', '2018-04-24', '2018-05-21', '0', 1, 27),
(159, 55, 66, 2, 1, '20', 4, '20', '80', 9, 9, '0', '2018-07-20', '2018-08-16', '0', 1, 27),
(160, 55, 66, 2, 2, '20', 4, '20', '80', 9, 9, '0', '2018-07-20', '2018-08-16', '0', 1, 27),
(161, 55, 66, 2, 44, '20', 4, '20', '80', 9, 9, '0', '2018-07-20', '2018-08-16', '0', 1, 27),
(162, 55, 66, 2, 14, '20', 4, '20', '80', 9, 9, '0', '2018-07-20', '2018-08-16', '0', 1, 27),
(163, 55, 66, 2, 46, '20', 4, '20', '70', 9, 9, '0', '2018-07-20', '2018-08-16', '0', 1, 27),
(164, 55, 66, 2, 20, '20', 4, '20', '80', 9, 9, '0', '2018-07-20', '2018-08-16', '0', 1, 27),
(165, 55, 66, 2, 17, '20', 4, '20', '100', 9, 9, '0', '2018-07-20', '2018-08-16', '0', 1, 27),
(166, 55, 66, 4, 6, '20', 4, '20', '110', 9, 9, '0', '2018-07-20', '2018-08-16', '0', 1, 27),
(167, 55, 66, 1, 37, '20', 4, '20', '70', 9, 9, '0', '2018-07-20', '2018-08-16', '0', 1, 27),
(168, 55, 66, 6, 35, '20', 4, '20', '70', 9, 9, '0', '2018-07-20', '2018-08-16', '0', 1, 27),
(169, 55, 66, 6, 12, '20', 4, '20', '70', 9, 9, '0', '2018-07-20', '2018-08-16', '0', 1, 27),
(170, 55, 66, 6, 26, '20', 4, '20', '70', 9, 9, '0', '2018-07-20', '2018-08-16', '0', 1, 27),
(171, 55, 66, 6, 170, '20', 4, '20', '70', 9, 9, '0', '2018-07-20', '2018-08-16', '0', 1, 27),
(172, 55, 66, 6, 31, '20', 4, '20', '70', 9, 9, '0', '2018-07-20', '2018-08-16', '0', 1, 27),
(173, 55, 66, 6, 23, '20', 4, '20', '70', 9, 9, '0', '2018-07-20', '2018-08-16', '0', 1, 27),
(174, 55, 66, 5, 3, '20', 4, '50', '70', 9, 9, '0', '2018-07-20', '2018-08-16', '0', 1, 27),
(175, 55, 66, 5, 48, '20', 4, '50', '70', 9, 9, '0', '2018-06-01', '2018-06-28', '0', 1, 27),
(176, 56, 67, 2, 49, '10', 1, '0', '80', 9, 9, '0', '2018-07-20', '2018-07-26', '0', 1, 6),
(177, 56, 67, 2, 50, '10', 1, '0', '80', 9, 9, '0', '2018-07-20', '2018-07-26', '0', 1, 6),
(178, 56, 67, 2, 46, '10', 1, '0', '70', 9, 9, '0', '2018-07-20', '2018-07-26', '0', 1, 6),
(179, 56, 67, 2, 47, '10', 1, '0', '80', 9, 9, '0', '2018-07-20', '2018-07-26', '0', 1, 6),
(180, 56, 67, 2, 54, '10', 1, '0', '80', 9, 9, '0', '2018-07-20', '2018-07-26', '0', 1, 6),
(181, 56, 67, 5, 48, '10', 1, '100', '70', 9, 9, '0', '2018-07-20', '2018-07-26', '0', 1, 6),
(182, 57, 68, 2, 11, '10', 4, '35', '80', 9, 9, '0', '2018-04-06', '2018-05-03', '0', 1, 27),
(183, 58, 69, 2, 57, '35', 1, '35', '80', 0, 0, '0', '2018-07-20', '2018-07-26', '18', 1, 6),
(184, 58, 69, 2, 58, '35', 1, '35', '80', 0, 0, '0', '2018-05-19', '2018-05-25', '18', 1, 6),
(185, 59, 70, 2, 90, '10', 2, '35', '80', 9, 9, '0', '2018-05-16', '2018-05-29', '0', 1, 13),
(186, 60, 71, 2, 119, '30', 2, '35', '80', 9, 9, '0', '2018-04-13', '2018-04-26', '0', 1, 13),
(187, 61, 72, 2, 20, '30', 4, '35', '80', 9, 9, '0', '2018-03-29', '2018-04-25', '0', 1, 27),
(188, 62, 73, 2, 57, '35', 1, '35', '80', 0, 0, '0', '2018-07-20', '2018-07-26', '18', 1, 6),
(189, 62, 73, 2, 58, '35', 1, '35', '80', 0, 0, '0', '2018-07-20', '2018-07-26', '18', 1, 6),
(190, 62, 73, 2, 59, '35', 1, '35', '80', 0, 0, '0', '2018-07-20', '2018-07-26', '18', 1, 6),
(191, 62, 73, 2, 60, '35', 1, '35', '80', 0, 0, '0', '2018-07-20', '2018-07-26', '18', 1, 6),
(192, 62, 73, 2, 61, '35', 1, '35', '80', 0, 0, '0', '2018-07-20', '2018-07-26', '18', 1, 6),
(193, 62, 73, 2, 62, '35', 1, '35', '80', 0, 0, '0', '2018-07-15', '2018-07-21', '18', 1, 6),
(194, 63, 74, 2, 20, '20', 4, '35', '80', 9, 9, '0', '2018-03-23', '2018-04-19', '0', 1, 27),
(195, 64, 75, 2, 66, '10', 2, '35', '80', 9, 9, '0', '2018-07-20', '2018-08-02', '0', 1, 13),
(196, 64, 75, 2, 67, '10', 2, '35', '80', 9, 9, '0', '2018-04-07', '2018-04-20', '0', 1, 13),
(197, 65, 76, 2, 125, '30', 2, '35', '80', 9, 9, '0', '2018-07-20', '2018-08-02', '0', 1, 13),
(198, 65, 76, 2, 239, '30', 2, '35', '80', 9, 9, '0', '2018-07-20', '2018-08-02', '0', 1, 13),
(199, 65, 76, 2, 240, '30', 2, '35', '80', 9, 9, '0', '2018-07-20', '2018-08-02', '0', 1, 13),
(200, 65, 76, 2, 241, '30', 2, '35', '80', 9, 9, '0', '2018-03-29', '2018-04-11', '0', 1, 13),
(201, 66, 77, 2, 90, '10', 1, '35', '80', 9, 9, '0', '2018-04-10', '2018-04-16', '0', 1, 6),
(202, 67, 78, 2, 59, '40', 1, '35', '80', 0, 0, '0', '2018-07-20', '2018-07-26', '18', 1, 6),
(203, 67, 78, 2, 57, '40', 1, '35', '80', 0, 0, '0', '2018-07-20', '2018-07-26', '18', 1, 6),
(204, 67, 78, 2, 58, '40', 1, '35', '80', 0, 0, '0', '2018-07-20', '2018-07-26', '18', 1, 6),
(205, 67, 78, 2, 60, '40', 1, '35', '80', 0, 0, '0', '2018-04-01', '2018-04-07', '18', 1, 6);

-- --------------------------------------------------------

--
-- Table structure for table `ro_reg`
--

CREATE TABLE `ro_reg` (
  `ro_id` int(11) NOT NULL,
  `invo_id` int(11) NOT NULL,
  `invo_lid` int(11) NOT NULL,
  `est_id` int(11) NOT NULL,
  `asp` int(11) NOT NULL,
  `screen` int(11) NOT NULL,
  `duration` int(11) NOT NULL,
  `package` int(11) NOT NULL,
  `discount` decimal(10,0) NOT NULL,
  `price` decimal(10,0) NOT NULL,
  `cgst` decimal(10,0) NOT NULL,
  `sgst` decimal(10,0) NOT NULL,
  `ltax` decimal(10,0) NOT NULL,
  `start_date` date NOT NULL,
  `end_date` date NOT NULL,
  `igst` decimal(10,0) NOT NULL,
  `status` int(11) NOT NULL,
  `asp_discount` decimal(10,0) NOT NULL,
  `line_total` decimal(10,0) NOT NULL,
  `cr_date` date NOT NULL,
  `adv_id` int(11) NOT NULL,
  `content_id` int(11) NOT NULL,
  `est_name` varchar(50) NOT NULL
) ENGINE=InnoDB DEFAULT CHARSET=latin1;

--
-- Dumping data for table `ro_reg`
--

INSERT INTO `ro_reg` (`ro_id`, `invo_id`, `invo_lid`, `est_id`, `asp`, `screen`, `duration`, `package`, `discount`, `price`, `cgst`, `sgst`, `ltax`, `start_date`, `end_date`, `igst`, `status`, `asp_discount`, `line_total`, `cr_date`, `adv_id`, `content_id`, `est_name`) VALUES
(1, 1152, 18, 15, 2, 20, 30, 4, '35', '70', '9', '9', '0', '2018-02-01', '2018-02-28', '0', 2, '40', '6443', '2018-03-31', 2, 14, 'Silpi jwellery'),
(16, 0, 0, 72, 2, 0, 30, 0, '0', '0', '0', '0', '0', '2018-07-20', '0000-00-00', '0', 1, '0', '0', '0000-00-00', 0, 0, '');

-- --------------------------------------------------------

--
-- Table structure for table `screen`
--

CREATE TABLE `screen` (
  `sc_id` int(11) NOT NULL,
  `sc_name` varchar(50) NOT NULL,
  `city` varchar(50) NOT NULL,
  `state` int(11) NOT NULL,
  `asp` int(11) NOT NULL,
  `uom_qty` int(11) NOT NULL,
  `sc_price` decimal(10,0) NOT NULL,
  `sc_info` varchar(150) NOT NULL,
  `sc_status` int(11) NOT NULL,
  `sc_cr_date` date NOT NULL,
  `cgst` int(11) NOT NULL,
  `sgst` int(11) NOT NULL,
  `igst` int(11) NOT NULL,
  `local_tax` int(11) NOT NULL
) ENGINE=InnoDB DEFAULT CHARSET=latin1;

--
-- Dumping data for table `screen`
--

INSERT INTO `screen` (`sc_id`, `sc_name`, `city`, `state`, `asp`, `uom_qty`, `sc_price`, `sc_info`, `sc_status`, `sc_cr_date`, `cgst`, `sgst`, `igst`, `local_tax`) VALUES
(1, 'Sree kaleeswari screen 1', 'kodungallur', 1, 2, 1, '80', '2k Screen', 1, '2018-07-20', 9, 9, 0, 0),
(2, 'Sree kaleeswari screen 2', 'kodungallur', 1, 2, 1, '80', '2K Screen', 1, '2018-07-20', 9, 9, 0, 0),
(3, 'Ashoka', 'kodungallur', 1, 5, 1, '70', '4K Screen', 1, '2018-06-04', 9, 9, 0, 0),
(4, 'Carnival Screen 1', 'kodungallur', 1, 4, 1, '100', '2k', 1, '2018-06-04', 9, 9, 0, 0),
(5, 'Carnival Screen 2', 'kodungallur', 1, 4, 1, '100', 'Mpeg', 1, '2018-06-04', 9, 9, 0, 0),
(6, 'Carnival Screen 3', 'kodungallur', 1, 4, 1, '110', '', 1, '2018-06-04', 9, 9, 0, 0),
(7, 'Menaka', 'kodungallur', 1, 6, 1, '70', '2k Screen', 1, '2018-06-04', 9, 9, 0, 0),
(8, 'Silpi', 'kodungallur', 1, 1, 1, '70', '', 1, '2018-06-04', 9, 9, 0, 0),
(9, 'Chithranjali', 'Paravoor', 1, 6, 1, '70', '', 1, '2018-06-04', 9, 9, 0, 0),
(10, 'Sree', 'Paravoor', 1, 6, 1, '70', '2K screen', 1, '2018-06-04', 9, 9, 0, 0),
(11, 'Mahalakshmi', 'Ashtamichira', 1, 2, 1, '80', '', 1, '2018-06-25', 9, 9, 0, 0),
(12, 'Shafas', 'Paravoor', 1, 6, 1, '70', 'Mpeg Screen', 1, '2018-06-06', 9, 9, 0, 0),
(13, 'Strar', 'Cherai', 1, 1, 1, '70', '', 1, '2018-06-06', 9, 9, 0, 0),
(14, 'Majestic screen 1', 'Njarackal', 1, 2, 1, '80', '', 1, '2018-07-20', 9, 9, 0, 0),
(15, 'Majestic screen 2', 'Njarackal', 1, 2, 1, '80', '', 1, '2018-06-25', 9, 9, 0, 0),
(16, 'Majestic screen 3', 'Njarackal', 1, 2, 1, '80', '', 1, '2018-06-25', 9, 9, 0, 0),
(17, 'Carnival Screen 1', 'Angamaly', 1, 2, 1, '100', '', 1, '2018-06-06', 9, 9, 0, 0),
(18, 'Carnival Screen 2', 'Angamaly', 1, 2, 1, '100', '', 1, '2018-06-06', 9, 9, 0, 0),
(19, 'Carnival Screen 3', 'Angamaly', 1, 2, 1, '120', '', 1, '2018-06-06', 9, 9, 0, 0),
(20, 'D Cinema Screen 1', 'Chalakudy', 1, 2, 1, '80', '', 1, '2018-07-20', 9, 9, 0, 0),
(21, 'D Cinema Screen 2', 'Chalakudy', 1, 2, 1, '80', '', 1, '2018-06-25', 9, 9, 0, 0),
(22, 'D Cinema Screen 3', 'Chalakudy', 1, 2, 1, '80', '', 1, '2018-06-25', 9, 9, 0, 0),
(23, 'Surabhi Screen 1', 'Chalakudy', 1, 6, 1, '70', '', 1, '2018-06-06', 9, 9, 0, 0),
(24, 'Surabhi Screen 2', 'Chalakudy', 1, 6, 1, '70', '', 1, '2018-06-06', 9, 9, 0, 0),
(25, 'Ace', 'Chalakudy', 1, 1, 1, '70', '', 1, '2018-06-06', 9, 9, 0, 0),
(26, 'zeenath screen 1', 'Aluva', 1, 6, 1, '70', '', 1, '2018-06-06', 9, 9, 0, 0),
(27, 'zeenath screen 2', 'Aluva', 1, 6, 1, '70', '', 1, '2018-06-06', 9, 9, 0, 0),
(28, 'Matha', 'Aluva', 1, 6, 1, '70', '', 1, '2018-06-06', 9, 9, 0, 0),
(29, 'Madhurya', 'Aluva', 1, 6, 1, '70', '', 1, '2018-06-06', 9, 9, 0, 0),
(30, 'City Cinema', 'Kodakara', 1, 6, 1, '70', '', 1, '2018-06-06', 9, 9, 0, 0),
(31, 'Chandh v screen 1', 'Amballur', 1, 6, 1, '70', '', 1, '2018-06-06', 9, 9, 0, 0),
(32, 'Chandh v screen 2', 'Amballur', 1, 6, 1, '70', '', 1, '2018-06-06', 9, 9, 0, 0),
(33, 'Sreelakshmi', 'Amballur', 1, 1, 1, '70', '', 1, '2018-06-06', 9, 9, 0, 0),
(34, 'Sreelakshmi', 'Kodali', 1, 2, 1, '80', '', 1, '2018-06-06', 9, 9, 0, 0),
(35, 'JK cinema screen 1', 'Irinjalakuda', 1, 6, 1, '70', '', 1, '2018-06-06', 9, 9, 0, 0),
(36, 'JK cinema screen 2', 'Irinjalakuda', 1, 6, 1, '70', '', 1, '2018-06-06', 9, 9, 0, 0),
(37, 'Chempakassery screen 1', 'Irinjalakuda', 1, 1, 1, '70', '', 1, '2018-06-06', 9, 9, 0, 0),
(38, 'Chempakassery screen 2', 'Irinjalakuda', 1, 1, 1, '70', '', 1, '2018-06-06', 9, 9, 0, 0),
(39, 'Chempakassery screen 3', 'Irinjalakuda', 1, 1, 1, '70', '', 1, '2018-06-06', 9, 9, 0, 0),
(40, 'Mass screen 1', 'Irinjalakuda', 1, 1, 1, '70', '', 1, '2018-06-06', 9, 9, 0, 0),
(41, 'Mass screen 2', 'Irinjalakuda', 1, 1, 1, '70', '', 1, '2018-06-06', 9, 9, 0, 0),
(42, 'Akkara', 'Irinjalakuda', 1, 1, 1, '70', '', 1, '2018-06-06', 9, 9, 0, 0),
(43, 'Akkara', 'Chalakudy', 1, 1, 1, '70', '', 1, '2018-06-06', 9, 9, 0, 0),
(44, 'varna', 'Mapranam', 1, 2, 1, '80', '', 1, '2018-07-20', 9, 9, 0, 0),
(45, 'Ayyappa', 'Anandhapuram', 1, 1, 1, '70', '', 1, '2018-06-06', 9, 9, 0, 0),
(46, 'Deva', 'Peringotukara', 1, 2, 1, '70', '', 1, '2018-07-20', 9, 9, 0, 0),
(47, 'Devaragam', 'Peringotukara', 1, 2, 1, '80', '', 1, '2018-06-25', 9, 9, 0, 0),
(48, 'Ashoka', 'Vatanapally', 1, 5, 1, '70', '', 1, '2018-06-06', 9, 9, 0, 0),
(49, 'Brahmakulam', 'Kanjani', 1, 2, 1, '80', '', 1, '2018-06-25', 9, 9, 0, 0),
(50, 'Simla', 'Kanjani', 1, 2, 1, '80', '', 1, '2018-06-25', 9, 9, 0, 0),
(51, 'Sreerama', 'Thriprayar', 1, 2, 1, '80', '', 1, '2018-06-08', 9, 9, 0, 0),
(52, 'Sree Murughan', 'Chenthrapinni', 1, 2, 1, '80', '', 1, '2018-06-06', 9, 9, 0, 0),
(53, 'Jawahar', 'Vatanapally', 1, 1, 1, '70', '', 1, '2018-06-06', 9, 9, 0, 0),
(54, 'Karthika', 'Thalikulam', 1, 2, 1, '80', '', 1, '2018-06-25', 9, 9, 0, 0),
(55, 'Sri Basaveswara', 'Davanagere', 3, 2, 1, '80', '', 1, '2018-06-25', 0, 0, 18, 0),
(56, 'Basaveswara', 'Chitradurga', 3, 2, 1, '80', '', 1, '2018-06-25', 0, 0, 18, 0),
(57, 'Sri Talkies', 'Shimoga', 3, 2, 1, '80', '', 1, '2018-06-25', 0, 0, 18, 0),
(58, 'Kiran Chitra Mandir', 'Shikaripura Shimoga', 3, 2, 1, '80', '', 1, '2018-06-25', 0, 0, 18, 0),
(59, 'HPC Chitra Mandira', 'Shimoga', 3, 2, 1, '80', '', 1, '2018-06-25', 0, 0, 18, 0),
(60, 'Shanta Chitra Mandira', 'Honnali Davanagere', 3, 2, 1, '80', '', 1, '2018-06-25', 0, 0, 18, 0),
(61, 'Jayashree Talkies', 'Shikaripura Shimoga', 3, 2, 1, '80', '', 1, '2018-06-25', 0, 0, 18, 0),
(62, 'Sri Lakshmi Talkies', 'Channagiri Davanagere', 3, 2, 1, '80', '', 1, '2018-06-25', 0, 0, 18, 0),
(63, 'Girija', 'Thrissur', 1, 2, 1, '80', '', 1, '2018-06-25', 9, 9, 0, 0),
(64, 'kalpana', 'iritty', 1, 2, 1, '80', '', 1, '2018-06-25', 9, 9, 0, 0),
(65, 'Anugraha screen 1', 'Tirur', 1, 2, 1, '80', '', 1, '2018-06-25', 9, 9, 0, 0),
(66, 'Govinada screen 1', 'Edappal', 1, 2, 1, '80', '', 1, '2018-06-25', 9, 9, 0, 0),
(67, 'Govinada screen 2', 'Edappal', 1, 2, 1, '80', '', 1, '2018-06-25', 9, 9, 0, 0),
(68, 'sarada screen 1', 'Edappal', 1, 2, 1, '80', '', 1, '2018-06-25', 9, 9, 0, 0),
(69, 'sarada screen 2', 'Edappal', 1, 2, 1, '80', '', 1, '2018-06-25', 9, 9, 0, 0),
(70, 'New india paradise', 'irity', 1, 6, 1, '70', '', 1, '2018-03-31', 9, 9, 0, 0),
(71, 'Aiswarya', 'sulthan batheri', 1, 6, 1, '70', '', 1, '2018-03-31', 9, 9, 0, 0),
(72, 'Athulya', 'sulthan batheri', 1, 6, 1, '70', '', 1, '2018-03-31', 9, 9, 0, 0),
(73, 'PVS film city screen 1', 'sulthan batheri', 1, 6, 1, '70', '', 1, '2018-03-31', 9, 9, 0, 0),
(74, 'PVS film city screen 3', 'sulthan batheri', 1, 6, 1, '70', '', 1, '2018-03-31', 9, 9, 0, 0),
(75, 'Ganga', 'Mala', 1, 6, 1, '70', '', 1, '2018-03-31', 9, 9, 0, 0),
(76, 'Pankaj', 'Alapuzha', 1, 6, 1, '70', '', 1, '2018-03-31', 9, 9, 0, 0),
(77, 'kavitha', 'Eranakulam', 1, 6, 1, '120', '', 1, '2018-03-31', 9, 9, 0, 5),
(78, 'Padma Screen 1', 'Eranakulam', 1, 6, 1, '120', '', 1, '2018-03-31', 9, 9, 0, 5),
(79, 'Padma Screen 2', 'Eranakulam', 1, 6, 1, '120', '', 1, '2018-03-31', 9, 9, 0, 5),
(80, 'Saritha', 'Eranakulam', 1, 6, 1, '120', '', 1, '2018-03-31', 9, 9, 0, 5),
(81, 'Savitha', 'Eranakulam', 1, 6, 1, '120', '', 1, '2018-03-31', 9, 9, 0, 5),
(82, 'Sangeetha', 'Eranakulam', 1, 6, 1, '120', '', 1, '2018-03-31', 9, 9, 0, 5),
(83, 'JRH', 'kunnamkulam', 1, 6, 1, '70', '', 1, '2018-03-31', 9, 9, 0, 0),
(84, 'Deepa', 'viyyur', 1, 1, 1, '70', '', 1, '2018-03-31', 9, 9, 0, 0),
(85, 'Prabhus', 'Paravoor', 1, 6, 1, '70', '', 1, '2018-03-31', 9, 9, 0, 0),
(86, 'Sahina Screen 1', 'mattannur', 1, 6, 1, '70', '', 1, '2018-03-31', 9, 9, 0, 0),
(87, 'Sahina Screen 2', 'mattannur', 1, 6, 1, '70', '', 1, '2018-03-31', 9, 9, 0, 0),
(88, 'yes bharath censor', 'Sulthan bathery', 1, 2, 1, '200', '', 1, '2018-03-31', 9, 9, 0, 0),
(89, 'Malabar Entrance coaching Censor charge', 'kodungallur', 1, 2, 1, '200', '', 1, '2018-03-31', 9, 9, 0, 0),
(90, 'Evm Cinema', 'Fort Kochi', 1, 2, 1, '80', '', 1, '2018-06-25', 9, 9, 0, 0),
(91, 'Alinkeel Screen1', 'Taliparamba', 1, 2, 1, '80', '', 1, '2018-06-24', 9, 9, 0, 0),
(92, 'Thrilok Cinema', 'Pandhalam', 1, 2, 1, '80', '', 1, '2018-06-25', 9, 9, 0, 0),
(93, 'Trinity Cinemas', 'Pathanamthitta', 1, 2, 1, '80', '', 1, '2018-06-25', 9, 9, 0, 0),
(94, 'Carnival screen 1', 'Karunagapally', 1, 4, 1, '102', '', 1, '2018-06-25', 9, 9, 0, 0),
(95, 'Carnival Screen 2', 'Karunagapally', 1, 4, 1, '102', '', 1, '2018-06-25', 9, 9, 0, 0),
(96, 'Kishna', 'Karunagapally', 1, 2, 1, '80', '', 1, '2018-06-25', 9, 9, 0, 0),
(97, 'Sreekumar', 'Thiruvananthapuram', 1, 7, 1, '75', '', 1, '2018-06-25', 9, 9, 0, 0),
(98, 'Sree Padhmanabha 1', 'Thiruvananthapuram', 1, 7, 1, '75', '', 1, '2018-06-29', 9, 9, 0, 0),
(99, 'Remya', 'Thiruvananthapuram', 1, 7, 1, '60', '', 1, '2018-06-29', 9, 9, 0, 0),
(100, 'kairali', 'Thiruvananthapuram', 1, 7, 1, '75', '', 1, '2018-06-29', 9, 9, 0, 0),
(101, 'kairali', 'Alapuzha', 1, 7, 1, '50', '', 1, '2018-06-29', 9, 9, 0, 0),
(102, 'Sree', 'Alapuzha', 1, 7, 1, '50', '', 1, '2018-06-29', 9, 9, 0, 0),
(103, 'Dhanya', 'kollam', 1, 7, 1, '50', '', 1, '2018-06-29', 9, 9, 0, 0),
(104, 'Remya', 'kollam', 1, 7, 1, '30', '', 1, '2018-06-29', 9, 9, 0, 0),
(105, 'Remya', 'Pathanamthitta', 1, 7, 1, '30', '', 1, '2018-06-29', 9, 9, 0, 0),
(106, 'Dhanya', 'Changanassery', 1, 7, 1, '40', '', 1, '2018-06-29', 9, 9, 0, 0),
(107, 'Dhanya', 'Kottayam', 1, 7, 1, '45', '', 1, '2018-06-29', 9, 9, 0, 0),
(108, 'Remya', 'Kottayam', 1, 7, 1, '40', '', 1, '2018-06-29', 9, 9, 0, 0),
(109, 'Evm Cinema 1', 'Perumbavoor', 1, 2, 1, '80', '', 1, '2018-06-25', 9, 9, 0, 0),
(110, 'Evm Cinema 2', 'Perumbavoor', 1, 2, 1, '80', '', 1, '2018-06-25', 9, 9, 0, 0),
(111, 'Evm Cinema 3', 'Perumbavoor', 1, 2, 1, '80', '', 1, '2018-06-25', 9, 9, 0, 0),
(112, 'Q cinema 1 Gold Souk', 'Eranakulam', 1, 6, 1, '70', '', 1, '2018-06-25', 9, 9, 0, 0),
(113, 'Q cinema 2 Gold Souk', 'Eranakulam', 1, 6, 1, '70', '', 1, '2018-06-25', 9, 9, 0, 0),
(114, 'Q cinema 3 Gold Souk', 'Eranakulam', 1, 6, 1, '70', '', 1, '2018-06-25', 9, 9, 0, 0),
(115, 'Vismaya screen 3', 'Perinthalmanna', 1, 2, 1, '80', '', 1, '2018-06-25', 9, 9, 0, 0),
(116, 'Devaki Cinemax', 'Manjeri', 1, 2, 1, '80', '', 1, '2018-06-25', 9, 9, 0, 0),
(117, 'Pratheeksha', 'Palluruthy', 1, 2, 1, '80', '', 1, '2018-06-25', 9, 9, 0, 0),
(118, 'Movie max', 'kasargod', 1, 2, 1, '80', '', 1, '2018-06-25', 9, 9, 0, 0),
(119, 'NS Cinema', 'kannur', 1, 2, 1, '80', '', 1, '2018-06-25', 9, 9, 0, 0),
(120, 'Chithravani', 'Thalassery', 1, 2, 1, '80', '', 1, '2018-06-25', 9, 9, 0, 0),
(121, 'Rose', 'Mukkam', 1, 2, 1, '80', '', 1, '2018-06-25', 9, 9, 0, 0),
(122, 'kalpaka', 'Kondotty', 1, 2, 1, '80', '', 1, '2018-06-25', 9, 9, 0, 0),
(123, 'Central', 'Tirur', 1, 2, 1, '80', '', 1, '2018-06-25', 9, 9, 0, 0),
(124, 'Pvs complex', 'Thanur', 1, 2, 1, '80', '', 1, '2018-06-25', 9, 9, 0, 0),
(125, 'Dwaraka', 'Koilandy', 1, 2, 1, '80', '', 1, '2018-06-25', 9, 9, 0, 0),
(126, 'Tharangam', 'Karunagapally', 1, 2, 1, '80', '', 1, '2018-06-25', 9, 9, 0, 0),
(127, 'Minerva', 'Kottarakara', 1, 2, 1, '80', '', 1, '2018-06-25', 9, 9, 0, 0),
(128, 'Thailakshmi', 'Punalur', 1, 2, 1, '80', '', 1, '2018-06-25', 9, 9, 0, 0),
(129, 'Carnival', 'kollam', 1, 2, 1, '80', '', 1, '2018-06-25', 9, 9, 0, 0),
(130, 'Grand opera', 'kanjirapally', 1, 2, 1, '80', '', 1, '2018-06-25', 9, 9, 0, 0),
(131, 'Aroma', 'Palakad', 1, 2, 1, '80', '', 1, '2018-06-25', 9, 9, 0, 0),
(132, 'Cowmalya', 'Kozhinjampara', 1, 2, 1, '80', '', 1, '2018-06-25', 9, 9, 0, 0),
(133, 'kairaly', 'Chitoor', 1, 2, 1, '80', '', 1, '2018-06-25', 9, 9, 0, 0),
(134, 'Gayathri', 'Kollamcode', 1, 2, 1, '80', '', 1, '2018-06-25', 9, 9, 0, 0),
(135, 'Victory', 'Perigottu', 1, 2, 1, '80', '', 1, '2018-06-25', 9, 9, 0, 0),
(136, 'Prathibha', 'Mannarkad', 1, 2, 1, '80', '', 1, '2018-06-25', 9, 9, 0, 0),
(137, 'Devi', 'Cherpulassery', 1, 2, 1, '80', '', 1, '2018-06-25', 9, 9, 0, 0),
(138, 'Tharanga', 'Kollamcode', 1, 2, 1, '80', '', 1, '2018-06-25', 9, 9, 0, 0),
(139, 'Pee Cee', 'Mukkam', 1, 2, 1, '80', '', 1, '2018-06-25', 9, 9, 0, 0),
(140, 'Thangaraj', 'Kollamcode', 1, 2, 1, '80', '', 1, '2018-06-25', 9, 9, 0, 0),
(141, 'Movie max 2', 'kasargod', 1, 2, 1, '80', '', 1, '2018-06-25', 9, 9, 0, 0),
(142, 'Liberty', 'Thalassery', 1, 2, 1, '80', '', 1, '2018-06-25', 9, 9, 0, 0),
(143, 'Sathya', 'Palakad', 1, 1, 1, '70', '', 1, '2018-06-25', 9, 9, 0, 0),
(144, 'Cine Magic', 'Mannarkad', 1, 1, 1, '70', '', 1, '2018-06-25', 9, 9, 0, 0),
(145, 'Mariya', 'Koothatukulam', 1, 6, 1, '70', '', 1, '2018-06-25', 9, 9, 0, 0),
(146, 'V cinema screen 1', 'Koothatukulam', 1, 6, 1, '70', '', 1, '2018-06-25', 9, 9, 0, 0),
(147, 'Central 1', 'Thripunithura', 1, 2, 1, '80', '', 1, '2018-06-25', 9, 9, 0, 0),
(148, 'Central 2', 'Thripunithura', 1, 2, 1, '80', '', 1, '2018-06-25', 9, 9, 0, 0),
(149, 'Vettukattil', 'Muvatupuzha', 1, 2, 1, '80', '', 1, '2018-06-25', 9, 9, 0, 0),
(150, 'Pan cinema 1', 'Maradu', 1, 6, 1, '70', '', 1, '2018-06-25', 9, 9, 0, 0),
(151, 'Pan cinema 2', 'Maradu', 1, 6, 1, '70', '', 1, '2018-06-25', 9, 9, 0, 0),
(152, 'Pan cinema 3', 'Maradu', 1, 6, 1, '70', '', 1, '2018-06-25', 9, 9, 0, 0),
(153, 'Ashirvad Pranav', 'Thodupuzha', 1, 2, 1, '80', '', 1, '2018-06-25', 9, 9, 0, 0),
(154, 'Inox screen 1', 'Thrissur', 1, 6, 1, '134', '', 1, '2018-06-25', 9, 9, 0, 0),
(155, 'Dharshana Screen 1', 'Piravam', 1, 6, 1, '70', '', 1, '2018-06-26', 9, 9, 0, 0),
(156, 'Ann Cinema', 'Kothamangalam', 1, 6, 1, '70', '', 1, '2018-06-26', 9, 9, 0, 0),
(157, 'Ashoka Cinema', 'kodungallur', 1, 5, 1, '21', '', 1, '2018-06-26', 9, 9, 0, 0),
(158, 'Vineetha screen3', 'Edapally', 1, 3, 1, '70', '', 1, '2018-06-27', 9, 9, 0, 0),
(159, 'Vanitha screen 1', 'Edapally', 1, 6, 1, '70', '', 1, '2018-06-27', 9, 9, 0, 0),
(160, 'Vanitha screen 2', 'Edapally', 1, 6, 1, '70', '', 1, '2018-06-27', 9, 9, 0, 0),
(161, 'Vineetha screen 2', 'Edapally', 1, 3, 1, '70', '', 1, '2018-06-27', 9, 9, 0, 0),
(162, 'Ravi krishna', 'Thrissur', 1, 6, 1, '120', '', 1, '2018-06-29', 9, 9, 0, 0),
(163, 'kairali', 'Thrissur', 1, 6, 1, '120', '', 1, '2018-06-29', 9, 9, 0, 0),
(164, 'Sree', 'Thrissur', 1, 6, 1, '120', '', 1, '2018-06-29', 9, 9, 0, 0),
(165, 'Ramdas', 'Thrissur', 1, 6, 1, '120', '', 1, '2018-06-29', 9, 9, 0, 0),
(166, 'Ganam', 'Valarkavu', 1, 2, 1, '80', '', 1, '2018-06-29', 9, 9, 0, 0),
(167, 'Sapna', 'Thrissur', 1, 6, 1, '70', '', 1, '2018-06-29', 9, 9, 0, 0),
(168, 'Jos', 'Thrissur', 1, 6, 1, '120', '', 1, '2018-06-29', 9, 9, 0, 0),
(169, 'Lakshmi', 'Varadiyam', 1, 1, 1, '70', '', 1, '2018-06-29', 9, 9, 0, 0),
(170, 'Casino', 'Aluva', 1, 6, 1, '70', '', 1, '2018-06-29', 9, 9, 0, 0),
(171, 'New theater screen1', 'Thiruvananthapuram', 1, 7, 1, '75', '', 1, '2018-06-29', 9, 9, 0, 0),
(172, 'New theater screen2', 'Thiruvananthapuram', 1, 7, 1, '50', '', 1, '2018-06-29', 9, 9, 0, 0),
(173, 'New theater screen 3', 'Thiruvananthapuram', 1, 7, 1, '50', '', 1, '2018-06-29', 9, 9, 0, 0),
(174, 'Sree Padhmanabha 2', 'Thiruvananthapuram', 1, 7, 1, '50', '', 1, '2018-06-29', 9, 9, 0, 0),
(175, 'kalabhavan', 'Thiruvananthapuram', 1, 7, 1, '75', '', 1, '2018-06-29', 9, 9, 0, 0),
(176, 'Dhanya', 'Thiruvananthapuram', 1, 7, 1, '65', '', 1, '2018-06-29', 9, 9, 0, 0),
(177, 'Ajantha', 'Thiruvananthapuram', 1, 7, 1, '70', '', 1, '2018-06-29', 9, 9, 0, 0),
(178, 'Sree vishakh', 'Thiruvananthapuram', 1, 7, 1, '70', '', 1, '2018-06-29', 9, 9, 0, 0),
(179, 'Sree', 'Thiruvananthapuram', 1, 7, 1, '60', '', 1, '2018-06-29', 9, 9, 0, 0),
(180, 'Nila', 'Thiruvananthapuram', 1, 7, 1, '40', '', 1, '2018-06-29', 9, 9, 0, 0),
(181, 'Kripa Audi 1', 'Thiruvananthapuram', 1, 1, 1, '250', '', 1, '2018-06-29', 9, 9, 0, 0),
(182, 'S p Theatere', 'Peyadu', 1, 7, 1, '45', '', 1, '2018-06-29', 9, 9, 0, 0),
(183, 'Aswathy', 'Peringamala', 1, 7, 1, '25', '', 1, '2018-06-29', 9, 9, 0, 0),
(184, 'Jayavinayaka 1', 'kattakada', 1, 7, 1, '40', '', 1, '2018-06-29', 9, 9, 0, 0),
(185, 'Jayavinayaka 2', 'Thiruvananthapuram', 1, 7, 1, '25', '', 1, '2018-06-29', 9, 9, 0, 0),
(186, 'Subha', 'Neyyatinkara', 1, 7, 1, '25', '', 1, '2018-06-29', 9, 9, 0, 0),
(187, 'Sreekaleeswari Audi 1', 'kalaikavila', 1, 7, 1, '45', '', 1, '2018-06-29', 9, 9, 0, 0),
(188, 'Sree kaleeswari Audi 2', 'kalaikavila', 1, 7, 1, '40', '', 1, '2018-06-29', 9, 9, 0, 0),
(189, 'Sree kaleeswari Audi 3', 'kalaikavila', 1, 7, 1, '25', '', 1, '2018-06-29', 9, 9, 0, 0),
(190, 'Sreekaleeswari Audi 4', 'kalaikavila', 1, 7, 1, '25', '', 1, '2018-06-29', 9, 9, 0, 0),
(191, 'Sree kaleeswari Audi 5', 'kalaikavila', 1, 7, 1, '25', '', 1, '2018-06-29', 9, 9, 0, 0),
(192, 'Sree kaleeswary Common lobby 7 Screens', 'kalaikavila', 1, 7, 1, '30', '', 1, '2018-06-29', 9, 9, 0, 0),
(193, 'Sreekaleeswary Thameens', 'kalaikavila', 1, 7, 1, '35', '', 1, '2018-06-29', 9, 9, 0, 0),
(194, 'IMP', 'Padantalumud', 1, 7, 1, '30', '', 1, '2018-06-29', 9, 9, 0, 0),
(195, 'Surya', 'Nedumangad', 1, 7, 1, '30', '', 1, '2018-06-29', 9, 9, 0, 0),
(196, 'SuryaParadise', 'Nedumangad', 1, 7, 1, '30', '', 1, '2018-06-29', 9, 9, 0, 0),
(197, 'Sreesaraswathy', 'Nedumangad', 1, 7, 1, '30', '', 1, '2018-06-29', 9, 9, 0, 0),
(198, 'Krishna', 'Kazhakuttam', 1, 7, 1, '40', '', 1, '2018-06-29', 9, 9, 0, 0),
(199, 'MTScreen 1', 'Pothencode', 1, 7, 1, '45', '', 1, '2018-06-29', 9, 9, 0, 0),
(200, 'MTScreen 2', 'Pothencode', 1, 7, 1, '35', '', 1, '2018-06-29', 9, 9, 0, 0),
(201, 'Sindhu', 'Venjaramoodu', 1, 7, 1, '40', '', 1, '2018-06-29', 9, 9, 0, 0),
(202, 'G Tracks', 'Kadinamkulam', 1, 7, 1, '50', '', 1, '2018-06-29', 9, 9, 0, 0),
(203, 'S R', 'Varkala', 1, 7, 1, '50', '', 1, '2018-06-29', 9, 9, 0, 0),
(204, 'Vimala', 'Varkala', 1, 7, 1, '30', '', 1, '2018-06-29', 9, 9, 0, 0),
(205, 'Ashoka', 'Paravur', 1, 7, 1, '40', '', 1, '2018-06-29', 9, 9, 0, 0),
(206, 'Vaisakha', 'Attingal', 1, 7, 1, '35', '', 1, '2018-06-29', 9, 9, 0, 0),
(207, 'Ganga', 'Attingal', 1, 7, 1, '50', '', 1, '2018-06-29', 9, 9, 0, 0),
(208, 'Yamuna', 'Attingal', 1, 7, 1, '40', '', 1, '2018-06-29', 9, 9, 0, 0),
(209, 'Kaveri', 'Attingal', 1, 7, 1, '40', '', 1, '2018-06-29', 9, 9, 0, 0),
(210, 'Thapasya', 'Attingal', 1, 7, 1, '35', '', 1, '2018-06-29', 9, 9, 0, 0),
(211, 'Thapasya Paradise', 'Attingal', 1, 7, 1, '25', '', 1, '2018-06-29', 9, 9, 0, 0),
(212, 'Sree Sailam', 'Kadakkal', 1, 7, 1, '40', '', 1, '2018-06-29', 9, 9, 0, 0),
(213, 'Sreedhanya', 'Kadakkal', 1, 7, 1, '35', '', 1, '2018-06-29', 9, 9, 0, 0),
(214, 'Archana classic', 'Anchal', 1, 7, 1, '35', '', 1, '2018-06-29', 9, 9, 0, 0),
(215, 'Archana max', 'Anchal', 1, 7, 1, '30', '', 1, '2018-06-29', 9, 9, 0, 0),
(216, 'Varsha', 'Anchal', 1, 7, 1, '35', '', 1, '2018-06-29', 9, 9, 0, 0),
(217, 'Varsharoyal suit', 'Anchal', 1, 7, 1, '30', '', 1, '2018-06-29', 9, 9, 0, 0),
(218, 'Ramraj screen 1', 'Punalur', 1, 7, 1, '50', '', 1, '2018-06-29', 9, 9, 0, 0),
(219, 'Ramraj screen 2', 'Punalur', 1, 7, 1, '40', '', 1, '2018-06-29', 9, 9, 0, 0),
(220, 'Padmanabha', 'Punalur', 1, 7, 1, '25', '', 1, '2018-06-29', 9, 9, 0, 0),
(221, 'Seema', 'Pathanapuram', 1, 7, 1, '30', '', 1, '2018-06-29', 9, 9, 0, 0),
(222, 'Chellam', 'Puthoor', 1, 7, 1, '40', '', 1, '2018-06-29', 9, 9, 0, 0),
(223, 'Usha', 'kollam', 1, 7, 1, '50', '', 1, '2018-06-29', 9, 9, 0, 0),
(224, 'Pranavam', 'kollam', 1, 7, 1, '50', '', 1, '2018-06-29', 9, 9, 0, 0),
(225, 'Partha', 'kollam', 1, 7, 1, '50', '', 1, '2018-06-29', 9, 9, 0, 0),
(226, 'Sarathy', 'kollam', 1, 7, 1, '50', '', 1, '2018-06-29', 9, 9, 0, 0),
(227, 'J B cinemas 1', 'Kundara', 1, 7, 1, '40', '', 1, '2018-06-29', 9, 9, 0, 0),
(228, 'J B cinema  2', 'Kundara', 1, 7, 1, '40', '', 1, '2018-06-29', 9, 9, 0, 0),
(229, 'Dhanya', 'Pathanamthitta', 1, 7, 1, '40', '', 1, '2018-06-29', 9, 9, 0, 0),
(230, 'Prathiba', 'Mavelikkara', 1, 7, 1, '30', '', 1, '2018-06-29', 9, 9, 0, 0),
(231, 'Ganam', 'kattanam', 1, 7, 1, '35', '', 1, '2018-06-29', 9, 9, 0, 0),
(232, 'Ragam', 'kattanam', 1, 7, 1, '35', '', 1, '2018-06-29', 9, 9, 0, 0),
(233, 'Remya', 'Changanassery', 1, 7, 1, '35', '', 1, '2018-06-29', 9, 9, 0, 0),
(234, 'M cinema screen 1', 'Varapuzha', 1, 7, 1, '50', '', 1, '2018-06-29', 9, 9, 0, 0),
(235, 'M cinema screen 2', 'Varapuzha', 1, 1, 1, '50', '', 1, '2018-06-29', 9, 9, 0, 0),
(236, 'Digital screens 50 Seconds', 'kodungallur', 1, 3, 1, '74', '', 1, '2018-07-11', 9, 9, 0, 0),
(237, 'Multiplex Screens 30 Seconds', 'kodungallur', 1, 3, 1, '110', '', 1, '2018-07-11', 9, 9, 0, 0),
(238, 'J2k Coversion', 'kodungallur', 1, 4, 1, '50', '', 1, '2018-07-19', 9, 9, 0, 0),
(239, 'Krishna theater', 'Kozhikode', 1, 2, 1, '80', '', 1, '2018-07-20', 9, 9, 0, 0),
(240, 'Sandhya Cine House 1', 'Kozhikode', 1, 2, 1, '80', '', 1, '2018-07-20', 9, 9, 0, 0),
(241, 'Sandhya Cine house 2', 'Kozhikode', 1, 2, 1, '80', '', 1, '2018-07-20', 9, 9, 0, 0);

-- --------------------------------------------------------

--
-- Table structure for table `state`
--

CREATE TABLE `state` (
  `code` int(11) NOT NULL,
  `name` varchar(50) NOT NULL
) ENGINE=InnoDB DEFAULT CHARSET=latin1;

--
-- Dumping data for table `state`
--

INSERT INTO `state` (`code`, `name`) VALUES
(1, 'kerala'),
(2, 'Tamilnadu'),
(3, 'Karnataka'),
(4, 'Andhra Pradesh'),
(5, 'GOA');

-- --------------------------------------------------------

--
-- Table structure for table `time_policy`
--

CREATE TABLE `time_policy` (
  `tp_id` int(11) NOT NULL,
  `tp_name` varchar(50) NOT NULL,
  `tpc` int(11) NOT NULL,
  `days` int(11) NOT NULL
) ENGINE=InnoDB DEFAULT CHARSET=latin1;

--
-- Dumping data for table `time_policy`
--

INSERT INTO `time_policy` (`tp_id`, `tp_name`, `tpc`, `days`) VALUES
(1, '1 week', 1, 6),
(2, '2 weeks', 2, 13),
(3, '3 weeks', 3, 20),
(4, '4 weeks', 4, 27),
(5, '5 weeks', 5, 34),
(6, '6 weeks', 6, 41),
(7, '7 weeks', 7, 48),
(8, '8 weeks', 8, 55),
(9, '9 weeks', 9, 62),
(10, '10 weeks', 10, 69),
(11, '11 weeks', 11, 76),
(12, '12  week', 12, 83),
(13, '14 weeks', 13, 97),
(14, '16 weeks', 14, 111),
(15, '24 weeks', 15, 167),
(16, '26 weeks', 16, 181),
(17, '36 weeks', 17, 251),
(18, '48 weeks', 18, 335),
(19, '52 weeks', 19, 363);

-- --------------------------------------------------------

--
-- Table structure for table `user_login`
--

CREATE TABLE `user_login` (
  `id` int(11) NOT NULL,
  `user_name` varchar(255) NOT NULL,
  `user_email` varchar(255) NOT NULL,
  `user_password` varchar(255) NOT NULL
) ENGINE=InnoDB DEFAULT CHARSET=latin1;

--
-- Dumping data for table `user_login`
--

INSERT INTO `user_login` (`id`, `user_name`, `user_email`, `user_password`) VALUES
(1, 'afsal', 'afsalabb@gmail.com', '123456'),
(2, 'mehar2018', 'meharali@gmail.com', 'mybsa');

--
-- Indexes for dumped tables
--

--
-- Indexes for table `adv_cat`
--
ALTER TABLE `adv_cat`
  ADD PRIMARY KEY (`cat_id`);

--
-- Indexes for table `adv_reg`
--
ALTER TABLE `adv_reg`
  ADD PRIMARY KEY (`adv_id`);

--
-- Indexes for table `asp`
--
ALTER TABLE `asp`
  ADD PRIMARY KEY (`asp_id`);

--
-- Indexes for table `content_reg`
--
ALTER TABLE `content_reg`
  ADD PRIMARY KEY (`con_id`);

--
-- Indexes for table `content_type`
--
ALTER TABLE `content_type`
  ADD PRIMARY KEY (`id`);

--
-- Indexes for table `est_line`
--
ALTER TABLE `est_line`
  ADD PRIMARY KEY (`est_lineid`);

--
-- Indexes for table `est_reg`
--
ALTER TABLE `est_reg`
  ADD PRIMARY KEY (`est_id`);

--
-- Indexes for table `invoice_reg`
--
ALTER TABLE `invoice_reg`
  ADD PRIMARY KEY (`invo_id`);

--
-- Indexes for table `invo_reg_line`
--
ALTER TABLE `invo_reg_line`
  ADD PRIMARY KEY (`invo_reg_lineid`);

--
-- Indexes for table `ro_reg`
--
ALTER TABLE `ro_reg`
  ADD PRIMARY KEY (`ro_id`);

--
-- Indexes for table `screen`
--
ALTER TABLE `screen`
  ADD PRIMARY KEY (`sc_id`);

--
-- Indexes for table `state`
--
ALTER TABLE `state`
  ADD PRIMARY KEY (`code`);

--
-- Indexes for table `time_policy`
--
ALTER TABLE `time_policy`
  ADD PRIMARY KEY (`tp_id`);

--
-- Indexes for table `user_login`
--
ALTER TABLE `user_login`
  ADD PRIMARY KEY (`id`);

--
-- AUTO_INCREMENT for dumped tables
--

--
-- AUTO_INCREMENT for table `adv_cat`
--
ALTER TABLE `adv_cat`
  MODIFY `cat_id` int(11) NOT NULL AUTO_INCREMENT, AUTO_INCREMENT=5;

--
-- AUTO_INCREMENT for table `adv_reg`
--
ALTER TABLE `adv_reg`
  MODIFY `adv_id` int(11) NOT NULL AUTO_INCREMENT, AUTO_INCREMENT=15;

--
-- AUTO_INCREMENT for table `asp`
--
ALTER TABLE `asp`
  MODIFY `asp_id` int(11) NOT NULL AUTO_INCREMENT, AUTO_INCREMENT=8;

--
-- AUTO_INCREMENT for table `content_reg`
--
ALTER TABLE `content_reg`
  MODIFY `con_id` int(11) NOT NULL AUTO_INCREMENT, AUTO_INCREMENT=73;

--
-- AUTO_INCREMENT for table `content_type`
--
ALTER TABLE `content_type`
  MODIFY `id` int(11) NOT NULL AUTO_INCREMENT, AUTO_INCREMENT=15;

--
-- AUTO_INCREMENT for table `est_line`
--
ALTER TABLE `est_line`
  MODIFY `est_lineid` int(11) NOT NULL AUTO_INCREMENT, AUTO_INCREMENT=301;

--
-- AUTO_INCREMENT for table `est_reg`
--
ALTER TABLE `est_reg`
  MODIFY `est_id` int(11) NOT NULL AUTO_INCREMENT, AUTO_INCREMENT=79;

--
-- AUTO_INCREMENT for table `invoice_reg`
--
ALTER TABLE `invoice_reg`
  MODIFY `invo_id` int(11) NOT NULL AUTO_INCREMENT, AUTO_INCREMENT=68;

--
-- AUTO_INCREMENT for table `invo_reg_line`
--
ALTER TABLE `invo_reg_line`
  MODIFY `invo_reg_lineid` int(11) NOT NULL AUTO_INCREMENT, AUTO_INCREMENT=206;

--
-- AUTO_INCREMENT for table `ro_reg`
--
ALTER TABLE `ro_reg`
  MODIFY `ro_id` int(11) NOT NULL AUTO_INCREMENT, AUTO_INCREMENT=17;

--
-- AUTO_INCREMENT for table `screen`
--
ALTER TABLE `screen`
  MODIFY `sc_id` int(11) NOT NULL AUTO_INCREMENT, AUTO_INCREMENT=242;

--
-- AUTO_INCREMENT for table `state`
--
ALTER TABLE `state`
  MODIFY `code` int(11) NOT NULL AUTO_INCREMENT, AUTO_INCREMENT=6;

--
-- AUTO_INCREMENT for table `time_policy`
--
ALTER TABLE `time_policy`
  MODIFY `tp_id` int(11) NOT NULL AUTO_INCREMENT, AUTO_INCREMENT=20;

--
-- AUTO_INCREMENT for table `user_login`
--
ALTER TABLE `user_login`
  MODIFY `id` int(11) NOT NULL AUTO_INCREMENT, AUTO_INCREMENT=3;
COMMIT;

/*!40101 SET CHARACTER_SET_CLIENT=@OLD_CHARACTER_SET_CLIENT */;
/*!40101 SET CHARACTER_SET_RESULTS=@OLD_CHARACTER_SET_RESULTS */;
/*!40101 SET COLLATION_CONNECTION=@OLD_COLLATION_CONNECTION */;
